indicator_key,indicator,frequency,unit,presidency_key,presidency,president,term_number,term_start,term_end,latest_available_date,observation_date,period_end,value,period_index,index_base_value,indexed_to_start,change_from_start
CPIAUCSL,CPI,monthly,Index 1982-1984=100,obama_2009,Obama (2009–2017),Barack Obama,1,2009-01-20,2017-01-19,2026-03-31,2009-01-01,2009-01-31,211.933,1,211.933,100.0,0.0
CPIAUCSL,CPI,monthly,Index 1982-1984=100,obama_2009,Obama (2009–2017),Barack Obama,1,2009-01-20,2017-01-19,2026-03-31,2009-02-01,2009-02-28,212.705,2,211.933,100.36426606521873,0.7720000000000198
CPIAUCSL,CPI,monthly,Index 1982-1984=100,obama_2009,Obama (2009–2017),Barack Obama,1,2009-01-20,2017-01-19,2026-03-31,2009-03-01,2009-03-31,212.495,3,211.933,100.26517814592349,0.5620000000000118
CPIAUCSL,CPI,monthly,Index 1982-1984=100,obama_2009,Obama (2009–2017),Barack Obama,1,2009-01-20,2017-01-19,2026-03-31,2009-04-01,2009-04-30,212.709,4,211.933,100.3661534541577,0.7760000000000105
CPIAUCSL,CPI,monthly,Index 1982-1984=100,obama_2009,Obama (2009–2017),Barack Obama,1,2009-01-20,2017-01-19,2026-03-31,2009-05-01,2009-05-31,213.022,5,211.933,100.51384163863108,1.0889999999999986
CPIAUCSL,CPI,monthly,Index 1982-1984=100,obama_2009,Obama (2009–2017),Barack Obama,1,2009-01-20,2017-01-19,2026-03-31,2009-06-01,2009-06-30,214.79,6,211.933,101.34806754965014,2.8569999999999993
CPIAUCSL,CPI,monthly,Index 1982-1984=100,obama_2009,Obama (2009–2017),Barack Obama,1,2009-01-20,2017-01-19,2026-03-31,2009-07-01,2009-07-31,214.726,7,211.933,101.3178693266268,2.7930000000000064
CPIAUCSL,CPI,monthly,Index 1982-1984=100,obama_2009,Obama (2009–2017),Barack Obama,1,2009-01-20,2017-01-19,2026-03-31,2009-08-01,2009-08-31,215.445,8,211.933,101.65712748840437,3.5120000000000005
CPIAUCSL,CPI,monthly,Index 1982-1984=100,obama_2009,Obama (2009–2017),Barack Obama,1,2009-01-20,2017-01-19,2026-03-31,2009-09-01,2009-09-30,215.861,9,211.933,101.8534159380559,3.9279999999999973
CPIAUCSL,CPI,monthly,Index 1982-1984=100,obama_2009,Obama (2009–2017),Barack Obama,1,2009-01-20,2017-01-19,2026-03-31,2009-10-01,2009-10-31,216.509,10,211.933,102.15917294616695,4.575999999999993
CPIAUCSL,CPI,monthly,Index 1982-1984=100,obama_2009,Obama (2009–2017),Barack Obama,1,2009-01-20,2017-01-19,2026-03-31,2009-11-01,2009-11-30,217.234,11,211.933,102.50126219135294,5.301000000000016
CPIAUCSL,CPI,monthly,Index 1982-1984=100,obama_2009,Obama (2009–2017),Barack Obama,1,2009-01-20,2017-01-19,2026-03-31,2009-12-01,2009-12-31,217.347,12,211.933,102.55458092887848,5.414000000000016
CPIAUCSL,CPI,monthly,Index 1982-1984=100,obama_2009,Obama (2009–2017),Barack Obama,1,2009-01-20,2017-01-19,2026-03-31,2010-01-01,2010-01-31,217.488,13,211.933,102.62111138897671,5.555000000000007
CPIAUCSL,CPI,monthly,Index 1982-1984=100,obama_2009,Obama (2009–2017),Barack Obama,1,2009-01-20,2017-01-19,2026-03-31,2010-02-01,2010-02-28,217.281,14,211.933,102.52343901138568,5.348000000000013
CPIAUCSL,CPI,monthly,Index 1982-1984=100,obama_2009,Obama (2009–2017),Barack Obama,1,2009-01-20,2017-01-19,2026-03-31,2010-03-01,2010-03-31,217.353,15,211.933,102.55741201228692,5.420000000000016
CPIAUCSL,CPI,monthly,Index 1982-1984=100,obama_2009,Obama (2009–2017),Barack Obama,1,2009-01-20,2017-01-19,2026-03-31,2010-04-01,2010-04-30,217.403,16,211.933,102.58100437402386,5.469999999999999
CPIAUCSL,CPI,monthly,Index 1982-1984=100,obama_2009,Obama (2009–2017),Barack Obama,1,2009-01-20,2017-01-19,2026-03-31,2010-05-01,2010-05-31,217.29,17,211.933,102.52768563649832,5.356999999999999
CPIAUCSL,CPI,monthly,Index 1982-1984=100,obama_2009,Obama (2009–2017),Barack Obama,1,2009-01-20,2017-01-19,2026-03-31,2010-06-01,2010-06-30,217.199,18,211.933,102.48474753813706,5.2660000000000196
CPIAUCSL,CPI,monthly,Index 1982-1984=100,obama_2009,Obama (2009–2017),Barack Obama,1,2009-01-20,2017-01-19,2026-03-31,2010-07-01,2010-07-31,217.605,19,211.933,102.6763175154412,5.671999999999997
CPIAUCSL,CPI,monthly,Index 1982-1984=100,obama_2009,Obama (2009–2017),Barack Obama,1,2009-01-20,2017-01-19,2026-03-31,2010-08-01,2010-08-31,217.923,20,211.933,102.8263649360883,5.990000000000009
CPIAUCSL,CPI,monthly,Index 1982-1984=100,obama_2009,Obama (2009–2017),Barack Obama,1,2009-01-20,2017-01-19,2026-03-31,2010-09-01,2010-09-30,218.275,21,211.933,102.99245516271654,6.342000000000013
CPIAUCSL,CPI,monthly,Index 1982-1984=100,obama_2009,Obama (2009–2017),Barack Obama,1,2009-01-20,2017-01-19,2026-03-31,2010-10-01,2010-10-31,219.035,22,211.933,103.35105906111836,7.102000000000004
CPIAUCSL,CPI,monthly,Index 1982-1984=100,obama_2009,Obama (2009–2017),Barack Obama,1,2009-01-20,2017-01-19,2026-03-31,2010-11-01,2010-11-30,219.59,23,211.933,103.61293427639868,7.657000000000011
CPIAUCSL,CPI,monthly,Index 1982-1984=100,obama_2009,Obama (2009–2017),Barack Obama,1,2009-01-20,2017-01-19,2026-03-31,2010-12-01,2010-12-31,220.472,24,211.933,104.02910353743873,8.539000000000016
CPIAUCSL,CPI,monthly,Index 1982-1984=100,obama_2009,Obama (2009–2017),Barack Obama,1,2009-01-20,2017-01-19,2026-03-31,2011-01-01,2011-01-31,221.187,25,211.933,104.36647431027733,9.254000000000019
CPIAUCSL,CPI,monthly,Index 1982-1984=100,obama_2009,Obama (2009–2017),Barack Obama,1,2009-01-20,2017-01-19,2026-03-31,2011-02-01,2011-02-28,221.898,26,211.933,104.70195769417694,9.965000000000003
CPIAUCSL,CPI,monthly,Index 1982-1984=100,obama_2009,Obama (2009–2017),Barack Obama,1,2009-01-20,2017-01-19,2026-03-31,2011-03-01,2011-03-31,223.046,27,211.933,105.24363831965762,11.113
CPIAUCSL,CPI,monthly,Index 1982-1984=100,obama_2009,Obama (2009–2017),Barack Obama,1,2009-01-20,2017-01-19,2026-03-31,2011-04-01,2011-04-30,224.093,28,211.933,105.73766237442965,12.159999999999997
CPIAUCSL,CPI,monthly,Index 1982-1984=100,obama_2009,Obama (2009–2017),Barack Obama,1,2009-01-20,2017-01-19,2026-03-31,2011-05-01,2011-05-31,224.806,29,211.933,106.07408945279877,12.873000000000019
CPIAUCSL,CPI,monthly,Index 1982-1984=100,obama_2009,Obama (2009–2017),Barack Obama,1,2009-01-20,2017-01-19,2026-03-31,2011-06-01,2011-06-30,224.806,30,211.933,106.07408945279877,12.873000000000019
CPIAUCSL,CPI,monthly,Index 1982-1984=100,obama_2009,Obama (2009–2017),Barack Obama,1,2009-01-20,2017-01-19,2026-03-31,2011-07-01,2011-07-31,225.395,31,211.933,106.35200747406022,13.462000000000018
CPIAUCSL,CPI,monthly,Index 1982-1984=100,obama_2009,Obama (2009–2017),Barack Obama,1,2009-01-20,2017-01-19,2026-03-31,2011-08-01,2011-08-31,226.106,32,211.933,106.68749085795983,14.173000000000002
CPIAUCSL,CPI,monthly,Index 1982-1984=100,obama_2009,Obama (2009–2017),Barack Obama,1,2009-01-20,2017-01-19,2026-03-31,2011-09-01,2011-09-30,226.597,33,211.933,106.91916785021682,14.664000000000016
CPIAUCSL,CPI,monthly,Index 1982-1984=100,obama_2009,Obama (2009–2017),Barack Obama,1,2009-01-20,2017-01-19,2026-03-31,2011-10-01,2011-10-31,226.75,34,211.933,106.99136047713193,14.817000000000007
CPIAUCSL,CPI,monthly,Index 1982-1984=100,obama_2009,Obama (2009–2017),Barack Obama,1,2009-01-20,2017-01-19,2026-03-31,2011-11-01,2011-11-30,227.169,35,211.933,107.18906446848769,15.236000000000018
CPIAUCSL,CPI,monthly,Index 1982-1984=100,obama_2009,Obama (2009–2017),Barack Obama,1,2009-01-20,2017-01-19,2026-03-31,2011-12-01,2011-12-31,227.223,36,211.933,107.21454421916361,15.29000000000002
CPIAUCSL,CPI,monthly,Index 1982-1984=100,obama_2009,Obama (2009–2017),Barack Obama,1,2009-01-20,2017-01-19,2026-03-31,2012-01-01,2012-01-31,227.842,37,211.933,107.50661765746723,15.90900000000002
CPIAUCSL,CPI,monthly,Index 1982-1984=100,obama_2009,Obama (2009–2017),Barack Obama,1,2009-01-20,2017-01-19,2026-03-31,2012-02-01,2012-02-29,228.329,38,211.933,107.73640726078526,16.396000000000015
CPIAUCSL,CPI,monthly,Index 1982-1984=100,obama_2009,Obama (2009–2017),Barack Obama,1,2009-01-20,2017-01-19,2026-03-31,2012-03-01,2012-03-31,228.807,39,211.933,107.96195023899062,16.873999999999995
CPIAUCSL,CPI,monthly,Index 1982-1984=100,obama_2009,Obama (2009–2017),Barack Obama,1,2009-01-20,2017-01-19,2026-03-31,2012-04-01,2012-04-30,229.187,40,211.933,108.14125218819154,17.25400000000002
CPIAUCSL,CPI,monthly,Index 1982-1984=100,obama_2009,Obama (2009–2017),Barack Obama,1,2009-01-20,2017-01-19,2026-03-31,2012-05-01,2012-05-31,228.713,41,211.933,107.91759659892513,16.78
CPIAUCSL,CPI,monthly,Index 1982-1984=100,obama_2009,Obama (2009–2017),Barack Obama,1,2009-01-20,2017-01-19,2026-03-31,2012-06-01,2012-06-30,228.524,42,211.933,107.8284174715594,16.591000000000008
CPIAUCSL,CPI,monthly,Index 1982-1984=100,obama_2009,Obama (2009–2017),Barack Obama,1,2009-01-20,2017-01-19,2026-03-31,2012-07-01,2012-07-31,228.59,43,211.933,107.85955938905221,16.65700000000001
CPIAUCSL,CPI,monthly,Index 1982-1984=100,obama_2009,Obama (2009–2017),Barack Obama,1,2009-01-20,2017-01-19,2026-03-31,2012-08-01,2012-08-31,229.918,44,211.933,108.48617251678596,17.985000000000014
CPIAUCSL,CPI,monthly,Index 1982-1984=100,obama_2009,Obama (2009–2017),Barack Obama,1,2009-01-20,2017-01-19,2026-03-31,2012-09-01,2012-09-30,231.015,45,211.933,109.00378893329494,19.081999999999994
CPIAUCSL,CPI,monthly,Index 1982-1984=100,obama_2009,Obama (2009–2017),Barack Obama,1,2009-01-20,2017-01-19,2026-03-31,2012-10-01,2012-10-31,231.638,46,211.933,109.29774976053754,19.705000000000013
CPIAUCSL,CPI,monthly,Index 1982-1984=100,obama_2009,Obama (2009–2017),Barack Obama,1,2009-01-20,2017-01-19,2026-03-31,2012-11-01,2012-11-30,231.249,47,211.933,109.11420118622395,19.316000000000003
CPIAUCSL,CPI,monthly,Index 1982-1984=100,obama_2009,Obama (2009–2017),Barack Obama,1,2009-01-20,2017-01-19,2026-03-31,2012-12-01,2012-12-31,231.221,48,211.933,109.10098946365126,19.28800000000001
CPIAUCSL,CPI,monthly,Index 1982-1984=100,obama_2009,Obama (2009–2017),Barack Obama,1,2009-01-20,2017-01-19,2026-03-31,2013-01-01,2013-01-31,231.679,49,211.933,109.31709549716184,19.74600000000001
CPIAUCSL,CPI,monthly,Index 1982-1984=100,obama_2009,Obama (2009–2017),Barack Obama,1,2009-01-20,2017-01-19,2026-03-31,2013-02-01,2013-02-28,232.937,50,211.933,109.91067931846385,21.00400000000002
CPIAUCSL,CPI,monthly,Index 1982-1984=100,obama_2009,Obama (2009–2017),Barack Obama,1,2009-01-20,2017-01-19,2026-03-31,2013-03-01,2013-03-31,232.282,51,211.933,109.60161937970963,20.349000000000018
CPIAUCSL,CPI,monthly,Index 1982-1984=100,obama_2009,Obama (2009–2017),Barack Obama,1,2009-01-20,2017-01-19,2026-03-31,2013-04-01,2013-04-30,231.797,52,211.933,109.37277347086108,19.864000000000004
CPIAUCSL,CPI,monthly,Index 1982-1984=100,obama_2009,Obama (2009–2017),Barack Obama,1,2009-01-20,2017-01-19,2026-03-31,2013-05-01,2013-05-31,231.893,53,211.933,109.41807080539606,19.960000000000008
CPIAUCSL,CPI,monthly,Index 1982-1984=100,obama_2009,Obama (2009–2017),Barack Obama,1,2009-01-20,2017-01-19,2026-03-31,2013-06-01,2013-06-30,232.445,54,211.933,109.67853047897214,20.512
CPIAUCSL,CPI,monthly,Index 1982-1984=100,obama_2009,Obama (2009–2017),Barack Obama,1,2009-01-20,2017-01-19,2026-03-31,2013-07-01,2013-07-31,232.9,55,211.933,109.89322097077851,20.967000000000013
CPIAUCSL,CPI,monthly,Index 1982-1984=100,obama_2009,Obama (2009–2017),Barack Obama,1,2009-01-20,2017-01-19,2026-03-31,2013-08-01,2013-08-31,233.456,56,211.933,110.15556803329353,21.522999999999996
CPIAUCSL,CPI,monthly,Index 1982-1984=100,obama_2009,Obama (2009–2017),Barack Obama,1,2009-01-20,2017-01-19,2026-03-31,2013-09-01,2013-09-30,233.544,57,211.933,110.19709058995059,21.61100000000002
CPIAUCSL,CPI,monthly,Index 1982-1984=100,obama_2009,Obama (2009–2017),Barack Obama,1,2009-01-20,2017-01-19,2026-03-31,2013-10-01,2013-10-31,233.669,58,211.933,110.25607149429302,21.73600000000002
CPIAUCSL,CPI,monthly,Index 1982-1984=100,obama_2009,Obama (2009–2017),Barack Obama,1,2009-01-20,2017-01-19,2026-03-31,2013-11-01,2013-11-30,234.1,59,211.933,110.45943765246564,22.167
CPIAUCSL,CPI,monthly,Index 1982-1984=100,obama_2009,Obama (2009–2017),Barack Obama,1,2009-01-20,2017-01-19,2026-03-31,2013-12-01,2013-12-31,234.719,60,211.933,110.75151109076926,22.786
CPIAUCSL,CPI,monthly,Index 1982-1984=100,obama_2009,Obama (2009–2017),Barack Obama,1,2009-01-20,2017-01-19,2026-03-31,2014-01-01,2014-01-31,235.288,61,211.933,111.01999216733591,23.355000000000018
CPIAUCSL,CPI,monthly,Index 1982-1984=100,obama_2009,Obama (2009–2017),Barack Obama,1,2009-01-20,2017-01-19,2026-03-31,2014-02-01,2014-02-28,235.547,62,211.933,111.14220060113338,23.614000000000004
CPIAUCSL,CPI,monthly,Index 1982-1984=100,obama_2009,Obama (2009–2017),Barack Obama,1,2009-01-20,2017-01-19,2026-03-31,2014-03-01,2014-03-31,236.028,63,211.933,111.36915912104297,24.095
CPIAUCSL,CPI,monthly,Index 1982-1984=100,obama_2009,Obama (2009–2017),Barack Obama,1,2009-01-20,2017-01-19,2026-03-31,2014-04-01,2014-04-30,236.468,64,211.933,111.57677190432824,24.534999999999997
CPIAUCSL,CPI,monthly,Index 1982-1984=100,obama_2009,Obama (2009–2017),Barack Obama,1,2009-01-20,2017-01-19,2026-03-31,2014-05-01,2014-05-31,236.918,65,211.933,111.78910315996093,24.985000000000014
CPIAUCSL,CPI,monthly,Index 1982-1984=100,obama_2009,Obama (2009–2017),Barack Obama,1,2009-01-20,2017-01-19,2026-03-31,2014-06-01,2014-06-30,237.231,66,211.933,111.93679134443433,25.298000000000002
CPIAUCSL,CPI,monthly,Index 1982-1984=100,obama_2009,Obama (2009–2017),Barack Obama,1,2009-01-20,2017-01-19,2026-03-31,2014-07-01,2014-07-31,237.498,67,211.933,112.06277455610972,25.564999999999998
CPIAUCSL,CPI,monthly,Index 1982-1984=100,obama_2009,Obama (2009–2017),Barack Obama,1,2009-01-20,2017-01-19,2026-03-31,2014-08-01,2014-08-31,237.46,68,211.933,112.04484436118962,25.527000000000015
CPIAUCSL,CPI,monthly,Index 1982-1984=100,obama_2009,Obama (2009–2017),Barack Obama,1,2009-01-20,2017-01-19,2026-03-31,2014-09-01,2014-09-30,237.477,69,211.933,112.05286576418018,25.54400000000001
CPIAUCSL,CPI,monthly,Index 1982-1984=100,obama_2009,Obama (2009–2017),Barack Obama,1,2009-01-20,2017-01-19,2026-03-31,2014-10-01,2014-10-31,237.43,70,211.933,112.03068894414744,25.497000000000014
CPIAUCSL,CPI,monthly,Index 1982-1984=100,obama_2009,Obama (2009–2017),Barack Obama,1,2009-01-20,2017-01-19,2026-03-31,2014-11-01,2014-11-30,236.983,71,211.933,111.81977323021898,25.05000000000001
CPIAUCSL,CPI,monthly,Index 1982-1984=100,obama_2009,Obama (2009–2017),Barack Obama,1,2009-01-20,2017-01-19,2026-03-31,2014-12-01,2014-12-31,236.252,72,211.933,111.47485290162457,24.319000000000017
CPIAUCSL,CPI,monthly,Index 1982-1984=100,obama_2009,Obama (2009–2017),Barack Obama,1,2009-01-20,2017-01-19,2026-03-31,2015-01-01,2015-01-31,234.747,73,211.933,110.76472281334195,22.81400000000002
CPIAUCSL,CPI,monthly,Index 1982-1984=100,obama_2009,Obama (2009–2017),Barack Obama,1,2009-01-20,2017-01-19,2026-03-31,2015-02-01,2015-02-28,235.342,74,211.933,111.04547191801184,23.40900000000002
CPIAUCSL,CPI,monthly,Index 1982-1984=100,obama_2009,Obama (2009–2017),Barack Obama,1,2009-01-20,2017-01-19,2026-03-31,2015-03-01,2015-03-31,235.976,75,211.933,111.34462306483653,24.043000000000006
CPIAUCSL,CPI,monthly,Index 1982-1984=100,obama_2009,Obama (2009–2017),Barack Obama,1,2009-01-20,2017-01-19,2026-03-31,2015-04-01,2015-04-30,236.222,76,211.933,111.46069748458241,24.289000000000016
CPIAUCSL,CPI,monthly,Index 1982-1984=100,obama_2009,Obama (2009–2017),Barack Obama,1,2009-01-20,2017-01-19,2026-03-31,2015-05-01,2015-05-31,237.001,77,211.933,111.8282664804443,25.068000000000012
CPIAUCSL,CPI,monthly,Index 1982-1984=100,obama_2009,Obama (2009–2017),Barack Obama,1,2009-01-20,2017-01-19,2026-03-31,2015-06-01,2015-06-30,237.657,78,211.933,112.13779826643326,25.724000000000018
CPIAUCSL,CPI,monthly,Index 1982-1984=100,obama_2009,Obama (2009–2017),Barack Obama,1,2009-01-20,2017-01-19,2026-03-31,2015-07-01,2015-07-31,238.034,79,211.933,112.31568467392997,26.101
CPIAUCSL,CPI,monthly,Index 1982-1984=100,obama_2009,Obama (2009–2017),Barack Obama,1,2009-01-20,2017-01-19,2026-03-31,2015-08-01,2015-08-31,238.033,80,211.933,112.31521282669523,26.099999999999994
CPIAUCSL,CPI,monthly,Index 1982-1984=100,obama_2009,Obama (2009–2017),Barack Obama,1,2009-01-20,2017-01-19,2026-03-31,2015-09-01,2015-09-30,237.498,81,211.933,112.06277455610972,25.564999999999998
CPIAUCSL,CPI,monthly,Index 1982-1984=100,obama_2009,Obama (2009–2017),Barack Obama,1,2009-01-20,2017-01-19,2026-03-31,2015-10-01,2015-10-31,237.733,82,211.933,112.17365865627345,25.80000000000001
CPIAUCSL,CPI,monthly,Index 1982-1984=100,obama_2009,Obama (2009–2017),Barack Obama,1,2009-01-20,2017-01-19,2026-03-31,2015-11-01,2015-11-30,238.017,83,211.933,112.3076632709394,26.084000000000003
CPIAUCSL,CPI,monthly,Index 1982-1984=100,obama_2009,Obama (2009–2017),Barack Obama,1,2009-01-20,2017-01-19,2026-03-31,2015-12-01,2015-12-31,237.761,84,211.933,112.18687037884614,25.828000000000003
CPIAUCSL,CPI,monthly,Index 1982-1984=100,obama_2009,Obama (2009–2017),Barack Obama,1,2009-01-20,2017-01-19,2026-03-31,2016-01-01,2016-01-31,237.652,85,211.933,112.13543903025955,25.718999999999994
CPIAUCSL,CPI,monthly,Index 1982-1984=100,obama_2009,Obama (2009–2017),Barack Obama,1,2009-01-20,2017-01-19,2026-03-31,2016-02-01,2016-02-29,237.336,86,211.933,111.98633530408195,25.40300000000002
CPIAUCSL,CPI,monthly,Index 1982-1984=100,obama_2009,Obama (2009–2017),Barack Obama,1,2009-01-20,2017-01-19,2026-03-31,2016-03-01,2016-03-31,238.08,87,211.933,112.33738964672798,26.14700000000002
CPIAUCSL,CPI,monthly,Index 1982-1984=100,obama_2009,Obama (2009–2017),Barack Obama,1,2009-01-20,2017-01-19,2026-03-31,2016-04-01,2016-04-30,238.992,88,211.933,112.76771432481021,27.058999999999997
CPIAUCSL,CPI,monthly,Index 1982-1984=100,obama_2009,Obama (2009–2017),Barack Obama,1,2009-01-20,2017-01-19,2026-03-31,2016-05-01,2016-05-31,239.557,89,211.933,113.0343080124379,27.623999999999995
CPIAUCSL,CPI,monthly,Index 1982-1984=100,obama_2009,Obama (2009–2017),Barack Obama,1,2009-01-20,2017-01-19,2026-03-31,2016-06-01,2016-06-30,240.222,90,211.933,113.34808642353953,28.289000000000016
CPIAUCSL,CPI,monthly,Index 1982-1984=100,obama_2009,Obama (2009–2017),Barack Obama,1,2009-01-20,2017-01-19,2026-03-31,2016-07-01,2016-07-31,240.101,91,211.933,113.29099290813606,28.168000000000006
CPIAUCSL,CPI,monthly,Index 1982-1984=100,obama_2009,Obama (2009–2017),Barack Obama,1,2009-01-20,2017-01-19,2026-03-31,2016-08-01,2016-08-31,240.545,92,211.933,113.5004930803603,28.611999999999995
CPIAUCSL,CPI,monthly,Index 1982-1984=100,obama_2009,Obama (2009–2017),Barack Obama,1,2009-01-20,2017-01-19,2026-03-31,2016-09-01,2016-09-30,241.176,93,211.933,113.7982286854808,29.242999999999995
CPIAUCSL,CPI,monthly,Index 1982-1984=100,obama_2009,Obama (2009–2017),Barack Obama,1,2009-01-20,2017-01-19,2026-03-31,2016-10-01,2016-10-31,241.741,94,211.933,114.06482237310848,29.80800000000002
CPIAUCSL,CPI,monthly,Index 1982-1984=100,obama_2009,Obama (2009–2017),Barack Obama,1,2009-01-20,2017-01-19,2026-03-31,2016-11-01,2016-11-30,242.026,95,211.933,114.19929883500919,30.093000000000018
CPIAUCSL,CPI,monthly,Index 1982-1984=100,obama_2009,Obama (2009–2017),Barack Obama,1,2009-01-20,2017-01-19,2026-03-31,2016-12-01,2016-12-31,242.637,96,211.933,114.48759749543488,30.704000000000008
CPIAUCSL,CPI,monthly,Index 1982-1984=100,trump_2017,Trump 1st Term (2017–2021),Donald Trump,1,2017-01-20,2021-01-19,2026-03-31,2017-01-01,2017-01-31,243.618,1,243.618,100.0,0.0
CPIAUCSL,CPI,monthly,Index 1982-1984=100,trump_2017,Trump 1st Term (2017–2021),Donald Trump,1,2017-01-20,2021-01-19,2026-03-31,2017-02-01,2017-02-28,244.006,2,243.618,100.15926573570097,0.38800000000000523
CPIAUCSL,CPI,monthly,Index 1982-1984=100,trump_2017,Trump 1st Term (2017–2021),Donald Trump,1,2017-01-20,2021-01-19,2026-03-31,2017-03-01,2017-03-31,243.892,3,243.618,100.11247116387129,0.2740000000000009
CPIAUCSL,CPI,monthly,Index 1982-1984=100,trump_2017,Trump 1st Term (2017–2021),Donald Trump,1,2017-01-20,2021-01-19,2026-03-31,2017-04-01,2017-04-30,244.193,4,243.618,100.23602525264965,0.575000000000017
CPIAUCSL,CPI,monthly,Index 1982-1984=100,trump_2017,Trump 1st Term (2017–2021),Donald Trump,1,2017-01-20,2021-01-19,2026-03-31,2017-05-01,2017-05-31,244.004,5,243.618,100.15844477830045,0.3859999999999957
CPIAUCSL,CPI,monthly,Index 1982-1984=100,trump_2017,Trump 1st Term (2017–2021),Donald Trump,1,2017-01-20,2021-01-19,2026-03-31,2017-06-01,2017-06-30,244.163,6,243.618,100.22371089164184,0.5450000000000159
CPIAUCSL,CPI,monthly,Index 1982-1984=100,trump_2017,Trump 1st Term (2017–2021),Donald Trump,1,2017-01-20,2021-01-19,2026-03-31,2017-07-01,2017-07-31,244.243,7,243.618,100.25654918766264,0.625
CPIAUCSL,CPI,monthly,Index 1982-1984=100,trump_2017,Trump 1st Term (2017–2021),Donald Trump,1,2017-01-20,2021-01-19,2026-03-31,2017-08-01,2017-08-31,245.183,8,243.618,100.64239916590726,1.5649999999999977
CPIAUCSL,CPI,monthly,Index 1982-1984=100,trump_2017,Trump 1st Term (2017–2021),Donald Trump,1,2017-01-20,2021-01-19,2026-03-31,2017-09-01,2017-09-30,246.435,9,243.618,101.15631849863311,2.8170000000000073
CPIAUCSL,CPI,monthly,Index 1982-1984=100,trump_2017,Trump 1st Term (2017–2021),Donald Trump,1,2017-01-20,2021-01-19,2026-03-31,2017-10-01,2017-10-31,246.626,10,243.618,101.23471993038282,3.0080000000000098
CPIAUCSL,CPI,monthly,Index 1982-1984=100,trump_2017,Trump 1st Term (2017–2021),Donald Trump,1,2017-01-20,2021-01-19,2026-03-31,2017-11-01,2017-11-30,247.284,11,243.618,101.50481491515406,3.665999999999997
CPIAUCSL,CPI,monthly,Index 1982-1984=100,trump_2017,Trump 1st Term (2017–2021),Donald Trump,1,2017-01-20,2021-01-19,2026-03-31,2017-12-01,2017-12-31,247.805,12,243.618,101.71867431798964,4.187000000000012
CPIAUCSL,CPI,monthly,Index 1982-1984=100,trump_2017,Trump 1st Term (2017–2021),Donald Trump,1,2017-01-20,2021-01-19,2026-03-31,2018-01-01,2018-01-31,248.859,13,243.618,102.15131886806394,5.241000000000014
CPIAUCSL,CPI,monthly,Index 1982-1984=100,trump_2017,Trump 1st Term (2017–2021),Donald Trump,1,2017-01-20,2021-01-19,2026-03-31,2018-02-01,2018-02-28,249.529,14,243.618,102.4263395972383,5.911000000000001
CPIAUCSL,CPI,monthly,Index 1982-1984=100,trump_2017,Trump 1st Term (2017–2021),Donald Trump,1,2017-01-20,2021-01-19,2026-03-31,2018-03-01,2018-03-31,249.577,15,243.618,102.4460425748508,5.959000000000003
CPIAUCSL,CPI,monthly,Index 1982-1984=100,trump_2017,Trump 1st Term (2017–2021),Donald Trump,1,2017-01-20,2021-01-19,2026-03-31,2018-04-01,2018-04-30,250.227,16,243.618,102.71285373001994,6.609000000000009
CPIAUCSL,CPI,monthly,Index 1982-1984=100,trump_2017,Trump 1st Term (2017–2021),Donald Trump,1,2017-01-20,2021-01-19,2026-03-31,2018-05-01,2018-05-31,250.792,17,243.618,102.944774195667,7.174000000000007
CPIAUCSL,CPI,monthly,Index 1982-1984=100,trump_2017,Trump 1st Term (2017–2021),Donald Trump,1,2017-01-20,2021-01-19,2026-03-31,2018-06-01,2018-06-30,251.018,18,243.618,103.03754238192579,7.400000000000006
CPIAUCSL,CPI,monthly,Index 1982-1984=100,trump_2017,Trump 1st Term (2017–2021),Donald Trump,1,2017-01-20,2021-01-19,2026-03-31,2018-07-01,2018-07-31,251.214,19,243.618,103.11799620717682,7.596000000000004
CPIAUCSL,CPI,monthly,Index 1982-1984=100,trump_2017,Trump 1st Term (2017–2021),Donald Trump,1,2017-01-20,2021-01-19,2026-03-31,2018-08-01,2018-08-31,251.663,20,243.618,103.30230114359367,8.045000000000016
CPIAUCSL,CPI,monthly,Index 1982-1984=100,trump_2017,Trump 1st Term (2017–2021),Donald Trump,1,2017-01-20,2021-01-19,2026-03-31,2018-09-01,2018-09-30,252.182,21,243.618,103.51533958902873,8.563999999999993
CPIAUCSL,CPI,monthly,Index 1982-1984=100,trump_2017,Trump 1st Term (2017–2021),Donald Trump,1,2017-01-20,2021-01-19,2026-03-31,2018-10-01,2018-10-31,252.772,22,243.618,103.75752202218227,9.153999999999996
CPIAUCSL,CPI,monthly,Index 1982-1984=100,trump_2017,Trump 1st Term (2017–2021),Donald Trump,1,2017-01-20,2021-01-19,2026-03-31,2018-11-01,2018-11-30,252.594,23,243.618,103.68445681353595,8.975999999999999
CPIAUCSL,CPI,monthly,Index 1982-1984=100,trump_2017,Trump 1st Term (2017–2021),Donald Trump,1,2017-01-20,2021-01-19,2026-03-31,2018-12-01,2018-12-31,252.767,24,243.618,103.75546962868097,9.149000000000001
CPIAUCSL,CPI,monthly,Index 1982-1984=100,trump_2017,Trump 1st Term (2017–2021),Donald Trump,1,2017-01-20,2021-01-19,2026-03-31,2019-01-01,2019-01-31,252.561,25,243.618,103.67091101642735,8.943000000000012
CPIAUCSL,CPI,monthly,Index 1982-1984=100,trump_2017,Trump 1st Term (2017–2021),Donald Trump,1,2017-01-20,2021-01-19,2026-03-31,2019-02-01,2019-02-28,253.319,26,243.618,103.98205387122461,9.700999999999993
CPIAUCSL,CPI,monthly,Index 1982-1984=100,trump_2017,Trump 1st Term (2017–2021),Donald Trump,1,2017-01-20,2021-01-19,2026-03-31,2019-03-01,2019-03-31,254.277,27,243.618,104.37529246607393,10.658999999999992
CPIAUCSL,CPI,monthly,Index 1982-1984=100,trump_2017,Trump 1st Term (2017–2021),Donald Trump,1,2017-01-20,2021-01-19,2026-03-31,2019-04-01,2019-04-30,255.233,28,243.618,104.76771010352273,11.615000000000009
CPIAUCSL,CPI,monthly,Index 1982-1984=100,trump_2017,Trump 1st Term (2017–2021),Donald Trump,1,2017-01-20,2021-01-19,2026-03-31,2019-05-01,2019-05-31,255.296,29,243.618,104.79357026163912,11.677999999999997
CPIAUCSL,CPI,monthly,Index 1982-1984=100,trump_2017,Trump 1st Term (2017–2021),Donald Trump,1,2017-01-20,2021-01-19,2026-03-31,2019-06-01,2019-06-30,255.213,30,243.618,104.75950052951752,11.594999999999999
CPIAUCSL,CPI,monthly,Index 1982-1984=100,trump_2017,Trump 1st Term (2017–2021),Donald Trump,1,2017-01-20,2021-01-19,2026-03-31,2019-07-01,2019-07-31,255.802,31,243.618,105.0012724839708,12.183999999999997
CPIAUCSL,CPI,monthly,Index 1982-1984=100,trump_2017,Trump 1st Term (2017–2021),Donald Trump,1,2017-01-20,2021-01-19,2026-03-31,2019-08-01,2019-08-31,256.036,32,243.618,105.09732449983171,12.418000000000006
CPIAUCSL,CPI,monthly,Index 1982-1984=100,trump_2017,Trump 1st Term (2017–2021),Donald Trump,1,2017-01-20,2021-01-19,2026-03-31,2019-09-01,2019-09-30,256.43,33,243.618,105.25905310773425,12.812000000000012
CPIAUCSL,CPI,monthly,Index 1982-1984=100,trump_2017,Trump 1st Term (2017–2021),Donald Trump,1,2017-01-20,2021-01-19,2026-03-31,2019-10-01,2019-10-31,257.155,34,243.618,105.55665016542291,13.536999999999978
CPIAUCSL,CPI,monthly,Index 1982-1984=100,trump_2017,Trump 1st Term (2017–2021),Donald Trump,1,2017-01-20,2021-01-19,2026-03-31,2019-11-01,2019-11-30,257.879,35,243.618,105.85383674441134,14.261000000000024
CPIAUCSL,CPI,monthly,Index 1982-1984=100,trump_2017,Trump 1st Term (2017–2021),Donald Trump,1,2017-01-20,2021-01-19,2026-03-31,2019-12-01,2019-12-31,258.63,36,243.618,106.16210624830677,15.012
CPIAUCSL,CPI,monthly,Index 1982-1984=100,trump_2017,Trump 1st Term (2017–2021),Donald Trump,1,2017-01-20,2021-01-19,2026-03-31,2020-01-01,2020-01-31,259.127,37,243.618,106.36611416233612,15.509000000000015
CPIAUCSL,CPI,monthly,Index 1982-1984=100,trump_2017,Trump 1st Term (2017–2021),Donald Trump,1,2017-01-20,2021-01-19,2026-03-31,2020-02-01,2020-02-29,259.25,38,243.618,106.41660304246814,15.632000000000005
CPIAUCSL,CPI,monthly,Index 1982-1984=100,trump_2017,Trump 1st Term (2017–2021),Donald Trump,1,2017-01-20,2021-01-19,2026-03-31,2020-03-01,2020-03-31,258.076,39,243.618,105.9347010483626,14.458000000000027
CPIAUCSL,CPI,monthly,Index 1982-1984=100,trump_2017,Trump 1st Term (2017–2021),Donald Trump,1,2017-01-20,2021-01-19,2026-03-31,2020-04-01,2020-04-30,256.032,40,243.618,105.09568258503066,12.413999999999987
CPIAUCSL,CPI,monthly,Index 1982-1984=100,trump_2017,Trump 1st Term (2017–2021),Donald Trump,1,2017-01-20,2021-01-19,2026-03-31,2020-05-01,2020-05-31,255.802,41,243.618,105.0012724839708,12.183999999999997
CPIAUCSL,CPI,monthly,Index 1982-1984=100,trump_2017,Trump 1st Term (2017–2021),Donald Trump,1,2017-01-20,2021-01-19,2026-03-31,2020-06-01,2020-06-30,257.042,42,243.618,105.5102660722935,13.423999999999978
CPIAUCSL,CPI,monthly,Index 1982-1984=100,trump_2017,Trump 1st Term (2017–2021),Donald Trump,1,2017-01-20,2021-01-19,2026-03-31,2020-07-01,2020-07-31,258.352,43,243.618,106.04799316963442,14.73399999999998
CPIAUCSL,CPI,monthly,Index 1982-1984=100,trump_2017,Trump 1st Term (2017–2021),Donald Trump,1,2017-01-20,2021-01-19,2026-03-31,2020-08-01,2020-08-31,259.316,44,243.618,106.44369463668531,15.697999999999979
CPIAUCSL,CPI,monthly,Index 1982-1984=100,trump_2017,Trump 1st Term (2017–2021),Donald Trump,1,2017-01-20,2021-01-19,2026-03-31,2020-09-01,2020-09-30,259.997,45,243.618,106.72323063156253,16.37900000000002
CPIAUCSL,CPI,monthly,Index 1982-1984=100,trump_2017,Trump 1st Term (2017–2021),Donald Trump,1,2017-01-20,2021-01-19,2026-03-31,2020-10-01,2020-10-31,260.319,46,243.618,106.85540477304633,16.701000000000022
CPIAUCSL,CPI,monthly,Index 1982-1984=100,trump_2017,Trump 1st Term (2017–2021),Donald Trump,1,2017-01-20,2021-01-19,2026-03-31,2020-11-01,2020-11-30,260.911,47,243.618,107.0984081636004,17.293000000000006
CPIAUCSL,CPI,monthly,Index 1982-1984=100,trump_2017,Trump 1st Term (2017–2021),Donald Trump,1,2017-01-20,2021-01-19,2026-03-31,2020-12-01,2020-12-31,262.045,48,243.618,107.56389100969552,18.42700000000002
CPIAUCSL,CPI,monthly,Index 1982-1984=100,biden_2021,Biden (2021–2025),Joe Biden,1,2021-01-20,2025-01-19,2026-03-31,2021-01-01,2021-01-31,262.687,1,262.687,100.0,0.0
CPIAUCSL,CPI,monthly,Index 1982-1984=100,biden_2021,Biden (2021–2025),Joe Biden,1,2021-01-20,2025-01-19,2026-03-31,2021-02-01,2021-02-28,263.579,2,262.687,100.33956762230333,0.8919999999999959
CPIAUCSL,CPI,monthly,Index 1982-1984=100,biden_2021,Biden (2021–2025),Joe Biden,1,2021-01-20,2025-01-19,2026-03-31,2021-03-01,2021-03-31,264.961,3,262.687,100.86566902815899,2.274000000000001
CPIAUCSL,CPI,monthly,Index 1982-1984=100,biden_2021,Biden (2021–2025),Joe Biden,1,2021-01-20,2025-01-19,2026-03-31,2021-04-01,2021-04-30,266.614,4,262.687,101.49493503675475,3.926999999999964
CPIAUCSL,CPI,monthly,Index 1982-1984=100,biden_2021,Biden (2021–2025),Joe Biden,1,2021-01-20,2025-01-19,2026-03-31,2021-05-01,2021-05-31,268.383,5,262.687,102.16836006349762,5.6959999999999695
CPIAUCSL,CPI,monthly,Index 1982-1984=100,biden_2021,Biden (2021–2025),Joe Biden,1,2021-01-20,2025-01-19,2026-03-31,2021-06-01,2021-06-30,270.654,6,262.687,103.03288704808384,7.9669999999999845
CPIAUCSL,CPI,monthly,Index 1982-1984=100,biden_2021,Biden (2021–2025),Joe Biden,1,2021-01-20,2025-01-19,2026-03-31,2021-07-01,2021-07-31,271.903,7,262.687,103.50835785554673,9.216000000000008
CPIAUCSL,CPI,monthly,Index 1982-1984=100,biden_2021,Biden (2021–2025),Joe Biden,1,2021-01-20,2025-01-19,2026-03-31,2021-08-01,2021-08-31,272.676,8,262.687,103.80262441613021,9.988999999999976
CPIAUCSL,CPI,monthly,Index 1982-1984=100,biden_2021,Biden (2021–2025),Joe Biden,1,2021-01-20,2025-01-19,2026-03-31,2021-09-01,2021-09-30,273.91,9,262.687,104.27238500572926,11.223000000000013
CPIAUCSL,CPI,monthly,Index 1982-1984=100,biden_2021,Biden (2021–2025),Joe Biden,1,2021-01-20,2025-01-19,2026-03-31,2021-10-01,2021-10-31,276.55,10,262.687,105.27738334976607,13.863
CPIAUCSL,CPI,monthly,Index 1982-1984=100,biden_2021,Biden (2021–2025),Joe Biden,1,2021-01-20,2025-01-19,2026-03-31,2021-11-01,2021-11-30,278.919,11,262.687,106.17921709106272,16.23199999999997
CPIAUCSL,CPI,monthly,Index 1982-1984=100,biden_2021,Biden (2021–2025),Joe Biden,1,2021-01-20,2025-01-19,2026-03-31,2021-12-01,2021-12-31,280.845,12,262.687,106.91240906478052,18.158000000000015
CPIAUCSL,CPI,monthly,Index 1982-1984=100,biden_2021,Biden (2021–2025),Joe Biden,1,2021-01-20,2025-01-19,2026-03-31,2022-01-01,2022-01-31,282.543,13,262.687,107.55880572696783,19.855999999999995
CPIAUCSL,CPI,monthly,Index 1982-1984=100,biden_2021,Biden (2021–2025),Joe Biden,1,2021-01-20,2025-01-19,2026-03-31,2022-02-01,2022-02-28,284.5,14,262.687,108.30379881760422,21.812999999999988
CPIAUCSL,CPI,monthly,Index 1982-1984=100,biden_2021,Biden (2021–2025),Joe Biden,1,2021-01-20,2025-01-19,2026-03-31,2022-03-01,2022-03-31,287.674,15,262.687,109.51208091759392,24.986999999999966
CPIAUCSL,CPI,monthly,Index 1982-1984=100,biden_2021,Biden (2021–2025),Joe Biden,1,2021-01-20,2025-01-19,2026-03-31,2022-04-01,2022-04-30,288.561,16,262.687,109.84974513394266,25.873999999999967
CPIAUCSL,CPI,monthly,Index 1982-1984=100,biden_2021,Biden (2021–2025),Joe Biden,1,2021-01-20,2025-01-19,2026-03-31,2022-05-01,2022-05-31,291.298,17,262.687,110.89166955349903,28.61099999999999
CPIAUCSL,CPI,monthly,Index 1982-1984=100,biden_2021,Biden (2021–2025),Joe Biden,1,2021-01-20,2025-01-19,2026-03-31,2022-06-01,2022-06-30,294.957,18,262.687,112.28458203108642,32.26999999999998
CPIAUCSL,CPI,monthly,Index 1982-1984=100,biden_2021,Biden (2021–2025),Joe Biden,1,2021-01-20,2025-01-19,2026-03-31,2022-07-01,2022-07-31,294.913,19,262.687,112.2678320586858,32.226
CPIAUCSL,CPI,monthly,Index 1982-1984=100,biden_2021,Biden (2021–2025),Joe Biden,1,2021-01-20,2025-01-19,2026-03-31,2022-08-01,2022-08-31,295.097,20,262.687,112.33787739781565,32.40999999999997
CPIAUCSL,CPI,monthly,Index 1982-1984=100,biden_2021,Biden (2021–2025),Joe Biden,1,2021-01-20,2025-01-19,2026-03-31,2022-09-01,2022-09-30,296.349,21,262.687,112.81449024885129,33.66199999999998
CPIAUCSL,CPI,monthly,Index 1982-1984=100,biden_2021,Biden (2021–2025),Joe Biden,1,2021-01-20,2025-01-19,2026-03-31,2022-10-01,2022-10-31,298.007,22,262.687,113.44565966340167,35.31999999999999
CPIAUCSL,CPI,monthly,Index 1982-1984=100,biden_2021,Biden (2021–2025),Joe Biden,1,2021-01-20,2025-01-19,2026-03-31,2022-11-01,2022-11-30,298.786,23,262.687,113.74221031113075,36.09899999999999
CPIAUCSL,CPI,monthly,Index 1982-1984=100,biden_2021,Biden (2021–2025),Joe Biden,1,2021-01-20,2025-01-19,2026-03-31,2022-12-01,2022-12-31,298.832,24,262.687,113.75972164591319,36.14499999999998
CPIAUCSL,CPI,monthly,Index 1982-1984=100,biden_2021,Biden (2021–2025),Joe Biden,1,2021-01-20,2025-01-19,2026-03-31,2023-01-01,2023-01-31,300.42,25,262.687,114.36424337709899,37.733000000000004
CPIAUCSL,CPI,monthly,Index 1982-1984=100,biden_2021,Biden (2021–2025),Joe Biden,1,2021-01-20,2025-01-19,2026-03-31,2023-02-01,2023-02-28,301.45,26,262.687,114.75634500374969,38.76299999999998
CPIAUCSL,CPI,monthly,Index 1982-1984=100,biden_2021,Biden (2021–2025),Joe Biden,1,2021-01-20,2025-01-19,2026-03-31,2023-03-01,2023-03-31,301.821,27,262.687,114.89757772558215,39.134000000000015
CPIAUCSL,CPI,monthly,Index 1982-1984=100,biden_2021,Biden (2021–2025),Joe Biden,1,2021-01-20,2025-01-19,2026-03-31,2023-04-01,2023-04-30,302.845,28,262.687,115.28739526508735,40.158000000000015
CPIAUCSL,CPI,monthly,Index 1982-1984=100,biden_2021,Biden (2021–2025),Joe Biden,1,2021-01-20,2025-01-19,2026-03-31,2023-05-01,2023-05-31,303.334,29,262.687,115.47354836744871,40.64699999999999
CPIAUCSL,CPI,monthly,Index 1982-1984=100,biden_2021,Biden (2021–2025),Joe Biden,1,2021-01-20,2025-01-19,2026-03-31,2023-06-01,2023-06-30,304.014,30,262.687,115.73241157727638,41.327
CPIAUCSL,CPI,monthly,Index 1982-1984=100,biden_2021,Biden (2021–2025),Joe Biden,1,2021-01-20,2025-01-19,2026-03-31,2023-07-01,2023-07-31,304.609,31,262.687,115.95891688587557,41.92199999999997
CPIAUCSL,CPI,monthly,Index 1982-1984=100,biden_2021,Biden (2021–2025),Joe Biden,1,2021-01-20,2025-01-19,2026-03-31,2023-08-01,2023-08-31,306.082,32,262.687,116.51966028010521,43.39499999999998
CPIAUCSL,CPI,monthly,Index 1982-1984=100,biden_2021,Biden (2021–2025),Joe Biden,1,2021-01-20,2025-01-19,2026-03-31,2023-09-01,2023-09-30,307.276,33,262.687,116.97419362206733,44.589
CPIAUCSL,CPI,monthly,Index 1982-1984=100,biden_2021,Biden (2021–2025),Joe Biden,1,2021-01-20,2025-01-19,2026-03-31,2023-10-01,2023-10-31,307.696,34,262.687,117.134079722255,45.009000000000015
CPIAUCSL,CPI,monthly,Index 1982-1984=100,biden_2021,Biden (2021–2025),Joe Biden,1,2021-01-20,2025-01-19,2026-03-31,2023-11-01,2023-11-30,308.148,35,262.687,117.30614762055222,45.46100000000001
CPIAUCSL,CPI,monthly,Index 1982-1984=100,biden_2021,Biden (2021–2025),Joe Biden,1,2021-01-20,2025-01-19,2026-03-31,2023-12-01,2023-12-31,308.741,36,262.687,117.53189156676957,46.053999999999974
CPIAUCSL,CPI,monthly,Index 1982-1984=100,biden_2021,Biden (2021–2025),Joe Biden,1,2021-01-20,2025-01-19,2026-03-31,2024-01-01,2024-01-31,309.698,37,262.687,117.8962034664829,47.01099999999997
CPIAUCSL,CPI,monthly,Index 1982-1984=100,biden_2021,Biden (2021–2025),Joe Biden,1,2021-01-20,2025-01-19,2026-03-31,2024-02-01,2024-02-29,310.967,38,262.687,118.37928789776424,48.27999999999997
CPIAUCSL,CPI,monthly,Index 1982-1984=100,biden_2021,Biden (2021–2025),Joe Biden,1,2021-01-20,2025-01-19,2026-03-31,2024-03-01,2024-03-31,312.345,39,262.687,118.90386657885621,49.658000000000015
CPIAUCSL,CPI,monthly,Index 1982-1984=100,biden_2021,Biden (2021–2025),Joe Biden,1,2021-01-20,2025-01-19,2026-03-31,2024-04-01,2024-04-30,313.023,40,262.687,119.16196842630202,50.33600000000001
CPIAUCSL,CPI,monthly,Index 1982-1984=100,biden_2021,Biden (2021–2025),Joe Biden,1,2021-01-20,2025-01-19,2026-03-31,2024-05-01,2024-05-31,313.175,41,262.687,119.21983196732234,50.488
CPIAUCSL,CPI,monthly,Index 1982-1984=100,biden_2021,Biden (2021–2025),Joe Biden,1,2021-01-20,2025-01-19,2026-03-31,2024-06-01,2024-06-30,313.044,42,262.687,119.1699627313114,50.35699999999997
CPIAUCSL,CPI,monthly,Index 1982-1984=100,biden_2021,Biden (2021–2025),Joe Biden,1,2021-01-20,2025-01-19,2026-03-31,2024-07-01,2024-07-31,313.569,43,262.687,119.369820356546,50.882000000000005
CPIAUCSL,CPI,monthly,Index 1982-1984=100,biden_2021,Biden (2021–2025),Joe Biden,1,2021-01-20,2025-01-19,2026-03-31,2024-08-01,2024-08-31,314.062,44,262.687,119.55749618367106,51.375
CPIAUCSL,CPI,monthly,Index 1982-1984=100,biden_2021,Biden (2021–2025),Joe Biden,1,2021-01-20,2025-01-19,2026-03-31,2024-09-01,2024-09-30,314.732,45,262.687,119.8125525815895,52.045000000000016
CPIAUCSL,CPI,monthly,Index 1982-1984=100,biden_2021,Biden (2021–2025),Joe Biden,1,2021-01-20,2025-01-19,2026-03-31,2024-10-01,2024-10-31,315.631,46,262.687,120.1547849722293,52.94399999999996
CPIAUCSL,CPI,monthly,Index 1982-1984=100,biden_2021,Biden (2021–2025),Joe Biden,1,2021-01-20,2025-01-19,2026-03-31,2024-11-01,2024-11-30,316.528,47,262.687,120.49625600048728,53.84100000000001
CPIAUCSL,CPI,monthly,Index 1982-1984=100,biden_2021,Biden (2021–2025),Joe Biden,1,2021-01-20,2025-01-19,2026-03-31,2024-12-01,2024-12-31,317.604,48,262.687,120.90586896192046,54.91699999999997
CPIAUCSL,CPI,monthly,Index 1982-1984=100,trump_2025,Trump 2nd Term (2025–Present),Donald Trump,2,2025-01-20,2026-04-15,2026-03-31,2025-01-01,2025-01-31,318.961,1,318.961,100.0,0.0
CPIAUCSL,CPI,monthly,Index 1982-1984=100,trump_2025,Trump 2nd Term (2025–Present),Donald Trump,2,2025-01-20,2026-04-15,2026-03-31,2025-02-01,2025-02-28,319.679,2,318.961,100.22510589068882,0.7179999999999609
CPIAUCSL,CPI,monthly,Index 1982-1984=100,trump_2025,Trump 2nd Term (2025–Present),Donald Trump,2,2025-01-20,2026-04-15,2026-03-31,2025-03-01,2025-03-31,319.785,3,318.961,100.25833879377105,0.8240000000000123
CPIAUCSL,CPI,monthly,Index 1982-1984=100,trump_2025,Trump 2nd Term (2025–Present),Donald Trump,2,2025-01-20,2026-04-15,2026-03-31,2025-04-01,2025-04-30,320.302,4,318.961,100.42042757578513,1.3410000000000082
CPIAUCSL,CPI,monthly,Index 1982-1984=100,trump_2025,Trump 2nd Term (2025–Present),Donald Trump,2,2025-01-20,2026-04-15,2026-03-31,2025-05-01,2025-05-31,320.62,5,318.961,100.52012628503171,1.6589999999999918
CPIAUCSL,CPI,monthly,Index 1982-1984=100,trump_2025,Trump 2nd Term (2025–Present),Donald Trump,2,2025-01-20,2026-04-15,2026-03-31,2025-06-01,2025-06-30,321.435,6,318.961,100.77564341722027,2.4739999999999895
CPIAUCSL,CPI,monthly,Index 1982-1984=100,trump_2025,Trump 2nd Term (2025–Present),Donald Trump,2,2025-01-20,2026-04-15,2026-03-31,2025-07-01,2025-07-31,322.169,7,318.961,101.0057655951668,3.20799999999997
CPIAUCSL,CPI,monthly,Index 1982-1984=100,trump_2025,Trump 2nd Term (2025–Present),Donald Trump,2,2025-01-20,2026-04-15,2026-03-31,2025-08-01,2025-08-31,323.291,8,318.961,101.3575327391123,4.329999999999984
CPIAUCSL,CPI,monthly,Index 1982-1984=100,trump_2025,Trump 2nd Term (2025–Present),Donald Trump,2,2025-01-20,2026-04-15,2026-03-31,2025-09-01,2025-09-30,324.245,9,318.961,101.65662886685205,5.283999999999992
CPIAUCSL,CPI,monthly,Index 1982-1984=100,trump_2025,Trump 2nd Term (2025–Present),Donald Trump,2,2025-01-20,2026-04-15,2026-03-31,2025-11-01,2025-11-30,325.063,10,318.961,101.91308655290146,6.101999999999975
CPIAUCSL,CPI,monthly,Index 1982-1984=100,trump_2025,Trump 2nd Term (2025–Present),Donald Trump,2,2025-01-20,2026-04-15,2026-03-31,2025-12-01,2025-12-31,326.031,11,318.961,102.21657193199167,7.069999999999993
CPIAUCSL,CPI,monthly,Index 1982-1984=100,trump_2025,Trump 2nd Term (2025–Present),Donald Trump,2,2025-01-20,2026-04-15,2026-03-31,2026-01-01,2026-01-31,326.588,12,318.961,102.39120143215001,7.6270000000000095
CPIAUCSL,CPI,monthly,Index 1982-1984=100,trump_2025,Trump 2nd Term (2025–Present),Donald Trump,2,2025-01-20,2026-04-15,2026-03-31,2026-02-01,2026-02-28,327.46,13,318.961,102.6645890876941,8.498999999999967
CPIAUCSL,CPI,monthly,Index 1982-1984=100,trump_2025,Trump 2nd Term (2025–Present),Donald Trump,2,2025-01-20,2026-04-15,2026-03-31,2026-03-01,2026-03-31,330.293,14,318.961,103.55278545025881,11.331999999999994
GDP,GDP,quarterly,Billions of Dollars,obama_2009,Obama (2009–2017),Barack Obama,1,2009-01-20,2017-01-19,2025-12-31,2009-01-01,2009-03-31,14430.902,1,14430.902,100.0,0.0
GDP,GDP,quarterly,Billions of Dollars,obama_2009,Obama (2009–2017),Barack Obama,1,2009-01-20,2017-01-19,2025-12-31,2009-04-01,2009-06-30,14381.236,2,14430.902,99.65583578905878,-49.66599999999926
GDP,GDP,quarterly,Billions of Dollars,obama_2009,Obama (2009–2017),Barack Obama,1,2009-01-20,2017-01-19,2025-12-31,2009-07-01,2009-09-30,14448.882,3,14430.902,100.12459373641369,17.979999999999563
GDP,GDP,quarterly,Billions of Dollars,obama_2009,Obama (2009–2017),Barack Obama,1,2009-01-20,2017-01-19,2025-12-31,2009-10-01,2009-12-31,14651.249,4,14430.902,101.52691079185487,220.34699999999975
GDP,GDP,quarterly,Billions of Dollars,obama_2009,Obama (2009–2017),Barack Obama,1,2009-01-20,2017-01-19,2025-12-31,2010-01-01,2010-03-31,14764.61,5,14430.902,102.31245420417933,333.70800000000054
GDP,GDP,quarterly,Billions of Dollars,obama_2009,Obama (2009–2017),Barack Obama,1,2009-01-20,2017-01-19,2025-12-31,2010-04-01,2010-06-30,14980.193,6,14430.902,103.80635250658621,549.2909999999993
GDP,GDP,quarterly,Billions of Dollars,obama_2009,Obama (2009–2017),Barack Obama,1,2009-01-20,2017-01-19,2025-12-31,2010-07-01,2010-09-30,15141.607,7,14430.902,104.92488272735827,710.7049999999999
GDP,GDP,quarterly,Billions of Dollars,obama_2009,Obama (2009–2017),Barack Obama,1,2009-01-20,2017-01-19,2025-12-31,2010-10-01,2010-12-31,15309.474,8,14430.902,106.08812948767859,878.5720000000001
GDP,GDP,quarterly,Billions of Dollars,obama_2009,Obama (2009–2017),Barack Obama,1,2009-01-20,2017-01-19,2025-12-31,2011-01-01,2011-03-31,15351.448,9,14430.902,106.3789914171685,920.5460000000003
GDP,GDP,quarterly,Billions of Dollars,obama_2009,Obama (2009–2017),Barack Obama,1,2009-01-20,2017-01-19,2025-12-31,2011-04-01,2011-06-30,15557.539,10,14430.902,107.8071142053352,1126.6370000000006
GDP,GDP,quarterly,Billions of Dollars,obama_2009,Obama (2009–2017),Barack Obama,1,2009-01-20,2017-01-19,2025-12-31,2011-07-01,2011-09-30,15647.68,11,14430.902,108.43175291468268,1216.7780000000002
GDP,GDP,quarterly,Billions of Dollars,obama_2009,Obama (2009–2017),Barack Obama,1,2009-01-20,2017-01-19,2025-12-31,2011-10-01,2011-12-31,15842.259,12,14430.902,109.78010244959047,1411.357
GDP,GDP,quarterly,Billions of Dollars,obama_2009,Obama (2009–2017),Barack Obama,1,2009-01-20,2017-01-19,2025-12-31,2012-01-01,2012-03-31,16068.805,13,14430.902,111.34996966925561,1637.9030000000002
GDP,GDP,quarterly,Billions of Dollars,obama_2009,Obama (2009–2017),Barack Obama,1,2009-01-20,2017-01-19,2025-12-31,2012-04-01,2012-06-30,16207.115,14,14430.902,112.30839901760818,1776.2129999999997
GDP,GDP,quarterly,Billions of Dollars,obama_2009,Obama (2009–2017),Barack Obama,1,2009-01-20,2017-01-19,2025-12-31,2012-07-01,2012-09-30,16319.541,15,14430.902,113.08746327845618,1888.6389999999992
GDP,GDP,quarterly,Billions of Dollars,obama_2009,Obama (2009–2017),Barack Obama,1,2009-01-20,2017-01-19,2025-12-31,2012-10-01,2012-12-31,16420.419,16,14430.902,113.78650482138954,1989.5170000000016
GDP,GDP,quarterly,Billions of Dollars,obama_2009,Obama (2009–2017),Barack Obama,1,2009-01-20,2017-01-19,2025-12-31,2013-01-01,2013-03-31,16648.189,17,14430.902,115.36485383935113,2217.2869999999984
GDP,GDP,quarterly,Billions of Dollars,obama_2009,Obama (2009–2017),Barack Obama,1,2009-01-20,2017-01-19,2025-12-31,2013-04-01,2013-06-30,16728.687,18,14430.902,115.92267066881891,2297.7850000000017
GDP,GDP,quarterly,Billions of Dollars,obama_2009,Obama (2009–2017),Barack Obama,1,2009-01-20,2017-01-19,2025-12-31,2013-07-01,2013-09-30,16953.838,19,14430.902,117.48287113307263,2522.9359999999997
GDP,GDP,quarterly,Billions of Dollars,obama_2009,Obama (2009–2017),Barack Obama,1,2009-01-20,2017-01-19,2025-12-31,2013-10-01,2013-12-31,17192.019,20,14430.902,119.13336394357054,2761.117
GDP,GDP,quarterly,Billions of Dollars,obama_2009,Obama (2009–2017),Barack Obama,1,2009-01-20,2017-01-19,2025-12-31,2014-01-01,2014-03-31,17197.738,21,14430.902,119.17299417597043,2766.836000000001
GDP,GDP,quarterly,Billions of Dollars,obama_2009,Obama (2009–2017),Barack Obama,1,2009-01-20,2017-01-19,2025-12-31,2014-04-01,2014-06-30,17518.508,22,14430.902,121.39579355469256,3087.6060000000016
GDP,GDP,quarterly,Billions of Dollars,obama_2009,Obama (2009–2017),Barack Obama,1,2009-01-20,2017-01-19,2025-12-31,2014-07-01,2014-09-30,17804.228,23,14430.902,123.37571137271945,3373.325999999999
GDP,GDP,quarterly,Billions of Dollars,obama_2009,Obama (2009–2017),Barack Obama,1,2009-01-20,2017-01-19,2025-12-31,2014-10-01,2014-12-31,17912.079,24,14430.902,124.12307283356232,3481.1770000000015
GDP,GDP,quarterly,Billions of Dollars,obama_2009,Obama (2009–2017),Barack Obama,1,2009-01-20,2017-01-19,2025-12-31,2015-01-01,2015-03-31,18063.529,25,14430.902,125.17255678127395,3632.6269999999986
GDP,GDP,quarterly,Billions of Dollars,obama_2009,Obama (2009–2017),Barack Obama,1,2009-01-20,2017-01-19,2025-12-31,2015-04-01,2015-06-30,18279.784,26,14430.902,126.67111175725536,3848.8819999999996
GDP,GDP,quarterly,Billions of Dollars,obama_2009,Obama (2009–2017),Barack Obama,1,2009-01-20,2017-01-19,2025-12-31,2015-07-01,2015-09-30,18401.626,27,14430.902,127.51542488473693,3970.724
GDP,GDP,quarterly,Billions of Dollars,obama_2009,Obama (2009–2017),Barack Obama,1,2009-01-20,2017-01-19,2025-12-31,2015-10-01,2015-12-31,18435.137,28,14430.902,127.74764183139764,4004.2349999999988
GDP,GDP,quarterly,Billions of Dollars,obama_2009,Obama (2009–2017),Barack Obama,1,2009-01-20,2017-01-19,2025-12-31,2016-01-01,2016-03-31,18525.933,29,14430.902,128.37681941156555,4095.031000000001
GDP,GDP,quarterly,Billions of Dollars,obama_2009,Obama (2009–2017),Barack Obama,1,2009-01-20,2017-01-19,2025-12-31,2016-04-01,2016-06-30,18711.702,30,14430.902,129.66411940154538,4280.800000000001
GDP,GDP,quarterly,Billions of Dollars,obama_2009,Obama (2009–2017),Barack Obama,1,2009-01-20,2017-01-19,2025-12-31,2016-07-01,2016-09-30,18892.639,31,14430.902,130.91793569106073,4461.736999999999
GDP,GDP,quarterly,Billions of Dollars,obama_2009,Obama (2009–2017),Barack Obama,1,2009-01-20,2017-01-19,2025-12-31,2016-10-01,2016-12-31,19089.379,32,14430.902,132.28126003488902,4658.477000000001
GDP,GDP,quarterly,Billions of Dollars,trump_2017,Trump 1st Term (2017–2021),Donald Trump,1,2017-01-20,2021-01-19,2025-12-31,2017-01-01,2017-03-31,19280.084,1,19280.084,100.0,0.0
GDP,GDP,quarterly,Billions of Dollars,trump_2017,Trump 1st Term (2017–2021),Donald Trump,1,2017-01-20,2021-01-19,2025-12-31,2017-04-01,2017-06-30,19438.643,2,19280.084,100.82239786922091,158.5590000000011
GDP,GDP,quarterly,Billions of Dollars,trump_2017,Trump 1st Term (2017–2021),Donald Trump,1,2017-01-20,2021-01-19,2025-12-31,2017-07-01,2017-09-30,19692.595,3,19280.084,102.13957055373825,412.51100000000224
GDP,GDP,quarterly,Billions of Dollars,trump_2017,Trump 1st Term (2017–2021),Donald Trump,1,2017-01-20,2021-01-19,2025-12-31,2017-10-01,2017-12-31,20037.088,4,19280.084,103.92635218809214,757.0040000000008
GDP,GDP,quarterly,Billions of Dollars,trump_2017,Trump 1st Term (2017–2021),Donald Trump,1,2017-01-20,2021-01-19,2025-12-31,2018-01-01,2018-03-31,20328.553,5,19280.084,105.43809352697842,1048.469000000001
GDP,GDP,quarterly,Billions of Dollars,trump_2017,Trump 1st Term (2017–2021),Donald Trump,1,2017-01-20,2021-01-19,2025-12-31,2018-04-01,2018-06-30,20580.912,6,19280.084,106.74700379936104,1300.8280000000013
GDP,GDP,quarterly,Billions of Dollars,trump_2017,Trump 1st Term (2017–2021),Donald Trump,1,2017-01-20,2021-01-19,2025-12-31,2018-07-01,2018-09-30,20798.73,7,19280.084,107.87676028797387,1518.6460000000006
GDP,GDP,quarterly,Billions of Dollars,trump_2017,Trump 1st Term (2017–2021),Donald Trump,1,2017-01-20,2021-01-19,2025-12-31,2018-10-01,2018-12-31,20917.867,8,19280.084,108.49468809368257,1637.7829999999994
GDP,GDP,quarterly,Billions of Dollars,trump_2017,Trump 1st Term (2017–2021),Donald Trump,1,2017-01-20,2021-01-19,2025-12-31,2019-01-01,2019-03-31,21111.6,9,19280.084,109.49952292738973,1831.5159999999996
GDP,GDP,quarterly,Billions of Dollars,trump_2017,Trump 1st Term (2017–2021),Donald Trump,1,2017-01-20,2021-01-19,2025-12-31,2019-04-01,2019-06-30,21397.938,10,19280.084,110.98467205848273,2117.8539999999994
GDP,GDP,quarterly,Billions of Dollars,trump_2017,Trump 1st Term (2017–2021),Donald Trump,1,2017-01-20,2021-01-19,2025-12-31,2019-07-01,2019-09-30,21717.171,11,19280.084,112.64043766614296,2437.0869999999995
GDP,GDP,quarterly,Billions of Dollars,trump_2017,Trump 1st Term (2017–2021),Donald Trump,1,2017-01-20,2021-01-19,2025-12-31,2019-10-01,2019-12-31,21933.217,12,19280.084,113.7610033234295,2653.1330000000016
GDP,GDP,quarterly,Billions of Dollars,trump_2017,Trump 1st Term (2017–2021),Donald Trump,1,2017-01-20,2021-01-19,2025-12-31,2020-01-01,2020-03-31,21751.238,13,19280.084,112.81713295440001,2471.1540000000023
GDP,GDP,quarterly,Billions of Dollars,trump_2017,Trump 1st Term (2017–2021),Donald Trump,1,2017-01-20,2021-01-19,2025-12-31,2020-04-01,2020-06-30,19958.291,14,19280.084,103.51765583593932,678.2070000000022
GDP,GDP,quarterly,Billions of Dollars,trump_2017,Trump 1st Term (2017–2021),Donald Trump,1,2017-01-20,2021-01-19,2025-12-31,2020-07-01,2020-09-30,21704.437,15,19280.084,112.57439023605914,2424.353000000003
GDP,GDP,quarterly,Billions of Dollars,trump_2017,Trump 1st Term (2017–2021),Donald Trump,1,2017-01-20,2021-01-19,2025-12-31,2020-10-01,2020-12-31,22087.16,16,19280.084,114.55945938824748,2807.076000000001
GDP,GDP,quarterly,Billions of Dollars,biden_2021,Biden (2021–2025),Joe Biden,1,2021-01-20,2025-01-19,2025-12-31,2021-01-01,2021-03-31,22680.693,1,22680.693,100.0,0.0
GDP,GDP,quarterly,Billions of Dollars,biden_2021,Biden (2021–2025),Joe Biden,1,2021-01-20,2025-01-19,2025-12-31,2021-04-01,2021-06-30,23425.91,2,22680.693,103.28568884557453,745.2170000000006
GDP,GDP,quarterly,Billions of Dollars,biden_2021,Biden (2021–2025),Joe Biden,1,2021-01-20,2025-01-19,2025-12-31,2021-07-01,2021-09-30,23982.379,3,22680.693,105.73918089716219,1301.6860000000015
GDP,GDP,quarterly,Billions of Dollars,biden_2021,Biden (2021–2025),Joe Biden,1,2021-01-20,2025-01-19,2025-12-31,2021-10-01,2021-12-31,24813.6,4,22680.693,109.40406450543641,2132.9069999999992
GDP,GDP,quarterly,Billions of Dollars,biden_2021,Biden (2021–2025),Joe Biden,1,2021-01-20,2025-01-19,2025-12-31,2022-01-01,2022-03-31,25250.347,5,22680.693,111.32969790649696,2569.6540000000023
GDP,GDP,quarterly,Billions of Dollars,biden_2021,Biden (2021–2025),Joe Biden,1,2021-01-20,2025-01-19,2025-12-31,2022-04-01,2022-06-30,25861.292,6,22680.693,114.02337662257497,3180.599000000002
GDP,GDP,quarterly,Billions of Dollars,biden_2021,Biden (2021–2025),Joe Biden,1,2021-01-20,2025-01-19,2025-12-31,2022-07-01,2022-09-30,26336.304,7,22680.693,116.11772179977041,3655.611000000001
GDP,GDP,quarterly,Billions of Dollars,biden_2021,Biden (2021–2025),Joe Biden,1,2021-01-20,2025-01-19,2025-12-31,2022-10-01,2022-12-31,26770.514,8,22680.693,118.0321694755976,4089.821
GDP,GDP,quarterly,Billions of Dollars,biden_2021,Biden (2021–2025),Joe Biden,1,2021-01-20,2025-01-19,2025-12-31,2023-01-01,2023-03-31,27216.445,9,22680.693,119.99829546654506,4535.752
GDP,GDP,quarterly,Billions of Dollars,biden_2021,Biden (2021–2025),Joe Biden,1,2021-01-20,2025-01-19,2025-12-31,2023-04-01,2023-06-30,27530.055,10,22680.693,121.38101335792517,4849.362000000001
GDP,GDP,quarterly,Billions of Dollars,biden_2021,Biden (2021–2025),Joe Biden,1,2021-01-20,2025-01-19,2025-12-31,2023-07-01,2023-09-30,28074.846,11,22680.693,123.78301668295586,5394.153000000002
GDP,GDP,quarterly,Billions of Dollars,biden_2021,Biden (2021–2025),Joe Biden,1,2021-01-20,2025-01-19,2025-12-31,2023-10-01,2023-12-31,28424.722,12,22680.693,125.32563268679667,5744.029000000002
GDP,GDP,quarterly,Billions of Dollars,biden_2021,Biden (2021–2025),Joe Biden,1,2021-01-20,2025-01-19,2025-12-31,2024-01-01,2024-03-31,28708.161,13,22680.693,126.57532554230156,6027.468000000001
GDP,GDP,quarterly,Billions of Dollars,biden_2021,Biden (2021–2025),Joe Biden,1,2021-01-20,2025-01-19,2025-12-31,2024-04-01,2024-06-30,29147.044,14,22680.693,128.51037664501698,6466.351000000002
GDP,GDP,quarterly,Billions of Dollars,biden_2021,Biden (2021–2025),Joe Biden,1,2021-01-20,2025-01-19,2025-12-31,2024-07-01,2024-09-30,29511.664,15,22680.693,130.1179994808801,6830.971000000001
GDP,GDP,quarterly,Billions of Dollars,biden_2021,Biden (2021–2025),Joe Biden,1,2021-01-20,2025-01-19,2025-12-31,2024-10-01,2024-12-31,29825.182,16,22680.693,131.5003117409155,7144.489000000001
GDP,GDP,quarterly,Billions of Dollars,trump_2025,Trump 2nd Term (2025–Present),Donald Trump,2,2025-01-20,2026-04-15,2025-12-31,2025-01-01,2025-03-31,30042.113,1,30042.113,100.0,0.0
GDP,GDP,quarterly,Billions of Dollars,trump_2025,Trump 2nd Term (2025–Present),Donald Trump,2,2025-01-20,2026-04-15,2025-12-31,2025-04-01,2025-06-30,30485.729,2,30042.113,101.4766471319777,443.61599999999817
GDP,GDP,quarterly,Billions of Dollars,trump_2025,Trump 2nd Term (2025–Present),Donald Trump,2,2025-01-20,2026-04-15,2025-12-31,2025-07-01,2025-09-30,31098.027,3,30042.113,103.51477940316647,1055.913999999997
GDP,GDP,quarterly,Billions of Dollars,trump_2025,Trump 2nd Term (2025–Present),Donald Trump,2,2025-01-20,2026-04-15,2025-12-31,2025-10-01,2025-12-31,31422.526,4,30042.113,104.59492646206343,1380.4130000000005
UNRATE,Unemployment Rate,monthly,Percent,obama_2009,Obama (2009–2017),Barack Obama,1,2009-01-20,2017-01-19,2026-03-31,2009-01-01,2009-01-31,7.8,1,7.8,100.0,0.0
UNRATE,Unemployment Rate,monthly,Percent,obama_2009,Obama (2009–2017),Barack Obama,1,2009-01-20,2017-01-19,2026-03-31,2009-02-01,2009-02-28,8.3,2,7.8,106.41025641025644,0.5000000000000009
UNRATE,Unemployment Rate,monthly,Percent,obama_2009,Obama (2009–2017),Barack Obama,1,2009-01-20,2017-01-19,2026-03-31,2009-03-01,2009-03-31,8.7,3,7.8,111.53846153846155,0.8999999999999995
UNRATE,Unemployment Rate,monthly,Percent,obama_2009,Obama (2009–2017),Barack Obama,1,2009-01-20,2017-01-19,2026-03-31,2009-04-01,2009-04-30,9.0,4,7.8,115.3846153846154,1.2000000000000002
UNRATE,Unemployment Rate,monthly,Percent,obama_2009,Obama (2009–2017),Barack Obama,1,2009-01-20,2017-01-19,2026-03-31,2009-05-01,2009-05-31,9.4,5,7.8,120.51282051282053,1.6000000000000005
UNRATE,Unemployment Rate,monthly,Percent,obama_2009,Obama (2009–2017),Barack Obama,1,2009-01-20,2017-01-19,2026-03-31,2009-06-01,2009-06-30,9.5,6,7.8,121.79487179487181,1.7000000000000002
UNRATE,Unemployment Rate,monthly,Percent,obama_2009,Obama (2009–2017),Barack Obama,1,2009-01-20,2017-01-19,2026-03-31,2009-07-01,2009-07-31,9.5,7,7.8,121.79487179487181,1.7000000000000002
UNRATE,Unemployment Rate,monthly,Percent,obama_2009,Obama (2009–2017),Barack Obama,1,2009-01-20,2017-01-19,2026-03-31,2009-08-01,2009-08-31,9.6,8,7.8,123.07692307692308,1.7999999999999998
UNRATE,Unemployment Rate,monthly,Percent,obama_2009,Obama (2009–2017),Barack Obama,1,2009-01-20,2017-01-19,2026-03-31,2009-09-01,2009-09-30,9.8,9,7.8,125.64102564102566,2.000000000000001
UNRATE,Unemployment Rate,monthly,Percent,obama_2009,Obama (2009–2017),Barack Obama,1,2009-01-20,2017-01-19,2026-03-31,2009-10-01,2009-10-31,10.0,10,7.8,128.2051282051282,2.2
UNRATE,Unemployment Rate,monthly,Percent,obama_2009,Obama (2009–2017),Barack Obama,1,2009-01-20,2017-01-19,2026-03-31,2009-11-01,2009-11-30,9.9,11,7.8,126.92307692307693,2.1000000000000005
UNRATE,Unemployment Rate,monthly,Percent,obama_2009,Obama (2009–2017),Barack Obama,1,2009-01-20,2017-01-19,2026-03-31,2009-12-01,2009-12-31,9.9,12,7.8,126.92307692307693,2.1000000000000005
UNRATE,Unemployment Rate,monthly,Percent,obama_2009,Obama (2009–2017),Barack Obama,1,2009-01-20,2017-01-19,2026-03-31,2010-01-01,2010-01-31,9.8,13,7.8,125.64102564102566,2.000000000000001
UNRATE,Unemployment Rate,monthly,Percent,obama_2009,Obama (2009–2017),Barack Obama,1,2009-01-20,2017-01-19,2026-03-31,2010-02-01,2010-02-28,9.8,14,7.8,125.64102564102566,2.000000000000001
UNRATE,Unemployment Rate,monthly,Percent,obama_2009,Obama (2009–2017),Barack Obama,1,2009-01-20,2017-01-19,2026-03-31,2010-03-01,2010-03-31,9.9,15,7.8,126.92307692307693,2.1000000000000005
UNRATE,Unemployment Rate,monthly,Percent,obama_2009,Obama (2009–2017),Barack Obama,1,2009-01-20,2017-01-19,2026-03-31,2010-04-01,2010-04-30,9.9,16,7.8,126.92307692307693,2.1000000000000005
UNRATE,Unemployment Rate,monthly,Percent,obama_2009,Obama (2009–2017),Barack Obama,1,2009-01-20,2017-01-19,2026-03-31,2010-05-01,2010-05-31,9.6,17,7.8,123.07692307692308,1.7999999999999998
UNRATE,Unemployment Rate,monthly,Percent,obama_2009,Obama (2009–2017),Barack Obama,1,2009-01-20,2017-01-19,2026-03-31,2010-06-01,2010-06-30,9.4,18,7.8,120.51282051282053,1.6000000000000005
UNRATE,Unemployment Rate,monthly,Percent,obama_2009,Obama (2009–2017),Barack Obama,1,2009-01-20,2017-01-19,2026-03-31,2010-07-01,2010-07-31,9.4,19,7.8,120.51282051282053,1.6000000000000005
UNRATE,Unemployment Rate,monthly,Percent,obama_2009,Obama (2009–2017),Barack Obama,1,2009-01-20,2017-01-19,2026-03-31,2010-08-01,2010-08-31,9.5,20,7.8,121.79487179487181,1.7000000000000002
UNRATE,Unemployment Rate,monthly,Percent,obama_2009,Obama (2009–2017),Barack Obama,1,2009-01-20,2017-01-19,2026-03-31,2010-09-01,2010-09-30,9.5,21,7.8,121.79487179487181,1.7000000000000002
UNRATE,Unemployment Rate,monthly,Percent,obama_2009,Obama (2009–2017),Barack Obama,1,2009-01-20,2017-01-19,2026-03-31,2010-10-01,2010-10-31,9.4,22,7.8,120.51282051282053,1.6000000000000005
UNRATE,Unemployment Rate,monthly,Percent,obama_2009,Obama (2009–2017),Barack Obama,1,2009-01-20,2017-01-19,2026-03-31,2010-11-01,2010-11-30,9.8,23,7.8,125.64102564102566,2.000000000000001
UNRATE,Unemployment Rate,monthly,Percent,obama_2009,Obama (2009–2017),Barack Obama,1,2009-01-20,2017-01-19,2026-03-31,2010-12-01,2010-12-31,9.3,24,7.8,119.23076923076925,1.5000000000000009
UNRATE,Unemployment Rate,monthly,Percent,obama_2009,Obama (2009–2017),Barack Obama,1,2009-01-20,2017-01-19,2026-03-31,2011-01-01,2011-01-31,9.1,25,7.8,116.66666666666667,1.2999999999999998
UNRATE,Unemployment Rate,monthly,Percent,obama_2009,Obama (2009–2017),Barack Obama,1,2009-01-20,2017-01-19,2026-03-31,2011-02-01,2011-02-28,9.0,26,7.8,115.3846153846154,1.2000000000000002
UNRATE,Unemployment Rate,monthly,Percent,obama_2009,Obama (2009–2017),Barack Obama,1,2009-01-20,2017-01-19,2026-03-31,2011-03-01,2011-03-31,9.0,27,7.8,115.3846153846154,1.2000000000000002
UNRATE,Unemployment Rate,monthly,Percent,obama_2009,Obama (2009–2017),Barack Obama,1,2009-01-20,2017-01-19,2026-03-31,2011-04-01,2011-04-30,9.1,28,7.8,116.66666666666667,1.2999999999999998
UNRATE,Unemployment Rate,monthly,Percent,obama_2009,Obama (2009–2017),Barack Obama,1,2009-01-20,2017-01-19,2026-03-31,2011-05-01,2011-05-31,9.0,29,7.8,115.3846153846154,1.2000000000000002
UNRATE,Unemployment Rate,monthly,Percent,obama_2009,Obama (2009–2017),Barack Obama,1,2009-01-20,2017-01-19,2026-03-31,2011-06-01,2011-06-30,9.1,30,7.8,116.66666666666667,1.2999999999999998
UNRATE,Unemployment Rate,monthly,Percent,obama_2009,Obama (2009–2017),Barack Obama,1,2009-01-20,2017-01-19,2026-03-31,2011-07-01,2011-07-31,9.0,31,7.8,115.3846153846154,1.2000000000000002
UNRATE,Unemployment Rate,monthly,Percent,obama_2009,Obama (2009–2017),Barack Obama,1,2009-01-20,2017-01-19,2026-03-31,2011-08-01,2011-08-31,9.0,32,7.8,115.3846153846154,1.2000000000000002
UNRATE,Unemployment Rate,monthly,Percent,obama_2009,Obama (2009–2017),Barack Obama,1,2009-01-20,2017-01-19,2026-03-31,2011-09-01,2011-09-30,9.0,33,7.8,115.3846153846154,1.2000000000000002
UNRATE,Unemployment Rate,monthly,Percent,obama_2009,Obama (2009–2017),Barack Obama,1,2009-01-20,2017-01-19,2026-03-31,2011-10-01,2011-10-31,8.8,34,7.8,112.82051282051285,1.0000000000000009
UNRATE,Unemployment Rate,monthly,Percent,obama_2009,Obama (2009–2017),Barack Obama,1,2009-01-20,2017-01-19,2026-03-31,2011-11-01,2011-11-30,8.6,35,7.8,110.25641025641026,0.7999999999999998
UNRATE,Unemployment Rate,monthly,Percent,obama_2009,Obama (2009–2017),Barack Obama,1,2009-01-20,2017-01-19,2026-03-31,2011-12-01,2011-12-31,8.5,36,7.8,108.97435897435899,0.7000000000000002
UNRATE,Unemployment Rate,monthly,Percent,obama_2009,Obama (2009–2017),Barack Obama,1,2009-01-20,2017-01-19,2026-03-31,2012-01-01,2012-01-31,8.3,37,7.8,106.41025641025644,0.5000000000000009
UNRATE,Unemployment Rate,monthly,Percent,obama_2009,Obama (2009–2017),Barack Obama,1,2009-01-20,2017-01-19,2026-03-31,2012-02-01,2012-02-29,8.3,38,7.8,106.41025641025644,0.5000000000000009
UNRATE,Unemployment Rate,monthly,Percent,obama_2009,Obama (2009–2017),Barack Obama,1,2009-01-20,2017-01-19,2026-03-31,2012-03-01,2012-03-31,8.2,39,7.8,105.12820512820514,0.39999999999999947
UNRATE,Unemployment Rate,monthly,Percent,obama_2009,Obama (2009–2017),Barack Obama,1,2009-01-20,2017-01-19,2026-03-31,2012-04-01,2012-04-30,8.2,40,7.8,105.12820512820514,0.39999999999999947
UNRATE,Unemployment Rate,monthly,Percent,obama_2009,Obama (2009–2017),Barack Obama,1,2009-01-20,2017-01-19,2026-03-31,2012-05-01,2012-05-31,8.2,41,7.8,105.12820512820514,0.39999999999999947
UNRATE,Unemployment Rate,monthly,Percent,obama_2009,Obama (2009–2017),Barack Obama,1,2009-01-20,2017-01-19,2026-03-31,2012-06-01,2012-06-30,8.2,42,7.8,105.12820512820514,0.39999999999999947
UNRATE,Unemployment Rate,monthly,Percent,obama_2009,Obama (2009–2017),Barack Obama,1,2009-01-20,2017-01-19,2026-03-31,2012-07-01,2012-07-31,8.2,43,7.8,105.12820512820514,0.39999999999999947
UNRATE,Unemployment Rate,monthly,Percent,obama_2009,Obama (2009–2017),Barack Obama,1,2009-01-20,2017-01-19,2026-03-31,2012-08-01,2012-08-31,8.1,44,7.8,103.84615384615385,0.2999999999999998
UNRATE,Unemployment Rate,monthly,Percent,obama_2009,Obama (2009–2017),Barack Obama,1,2009-01-20,2017-01-19,2026-03-31,2012-09-01,2012-09-30,7.8,45,7.8,100.0,0.0
UNRATE,Unemployment Rate,monthly,Percent,obama_2009,Obama (2009–2017),Barack Obama,1,2009-01-20,2017-01-19,2026-03-31,2012-10-01,2012-10-31,7.8,46,7.8,100.0,0.0
UNRATE,Unemployment Rate,monthly,Percent,obama_2009,Obama (2009–2017),Barack Obama,1,2009-01-20,2017-01-19,2026-03-31,2012-11-01,2012-11-30,7.7,47,7.8,98.71794871794873,-0.09999999999999964
UNRATE,Unemployment Rate,monthly,Percent,obama_2009,Obama (2009–2017),Barack Obama,1,2009-01-20,2017-01-19,2026-03-31,2012-12-01,2012-12-31,7.9,48,7.8,101.2820512820513,0.10000000000000053
UNRATE,Unemployment Rate,monthly,Percent,obama_2009,Obama (2009–2017),Barack Obama,1,2009-01-20,2017-01-19,2026-03-31,2013-01-01,2013-01-31,8.0,49,7.8,102.56410256410258,0.20000000000000018
UNRATE,Unemployment Rate,monthly,Percent,obama_2009,Obama (2009–2017),Barack Obama,1,2009-01-20,2017-01-19,2026-03-31,2013-02-01,2013-02-28,7.7,50,7.8,98.71794871794873,-0.09999999999999964
UNRATE,Unemployment Rate,monthly,Percent,obama_2009,Obama (2009–2017),Barack Obama,1,2009-01-20,2017-01-19,2026-03-31,2013-03-01,2013-03-31,7.5,51,7.8,96.15384615384616,-0.2999999999999998
UNRATE,Unemployment Rate,monthly,Percent,obama_2009,Obama (2009–2017),Barack Obama,1,2009-01-20,2017-01-19,2026-03-31,2013-04-01,2013-04-30,7.6,52,7.8,97.43589743589743,-0.20000000000000018
UNRATE,Unemployment Rate,monthly,Percent,obama_2009,Obama (2009–2017),Barack Obama,1,2009-01-20,2017-01-19,2026-03-31,2013-05-01,2013-05-31,7.5,53,7.8,96.15384615384616,-0.2999999999999998
UNRATE,Unemployment Rate,monthly,Percent,obama_2009,Obama (2009–2017),Barack Obama,1,2009-01-20,2017-01-19,2026-03-31,2013-06-01,2013-06-30,7.5,54,7.8,96.15384615384616,-0.2999999999999998
UNRATE,Unemployment Rate,monthly,Percent,obama_2009,Obama (2009–2017),Barack Obama,1,2009-01-20,2017-01-19,2026-03-31,2013-07-01,2013-07-31,7.3,55,7.8,93.58974358974359,-0.5
UNRATE,Unemployment Rate,monthly,Percent,obama_2009,Obama (2009–2017),Barack Obama,1,2009-01-20,2017-01-19,2026-03-31,2013-08-01,2013-08-31,7.2,56,7.8,92.3076923076923,-0.5999999999999996
UNRATE,Unemployment Rate,monthly,Percent,obama_2009,Obama (2009–2017),Barack Obama,1,2009-01-20,2017-01-19,2026-03-31,2013-09-01,2013-09-30,7.2,57,7.8,92.3076923076923,-0.5999999999999996
UNRATE,Unemployment Rate,monthly,Percent,obama_2009,Obama (2009–2017),Barack Obama,1,2009-01-20,2017-01-19,2026-03-31,2013-10-01,2013-10-31,7.2,58,7.8,92.3076923076923,-0.5999999999999996
UNRATE,Unemployment Rate,monthly,Percent,obama_2009,Obama (2009–2017),Barack Obama,1,2009-01-20,2017-01-19,2026-03-31,2013-11-01,2013-11-30,6.9,59,7.8,88.46153846153847,-0.8999999999999995
UNRATE,Unemployment Rate,monthly,Percent,obama_2009,Obama (2009–2017),Barack Obama,1,2009-01-20,2017-01-19,2026-03-31,2013-12-01,2013-12-31,6.7,60,7.8,85.8974358974359,-1.0999999999999996
UNRATE,Unemployment Rate,monthly,Percent,obama_2009,Obama (2009–2017),Barack Obama,1,2009-01-20,2017-01-19,2026-03-31,2014-01-01,2014-01-31,6.6,61,7.8,84.61538461538461,-1.2000000000000002
UNRATE,Unemployment Rate,monthly,Percent,obama_2009,Obama (2009–2017),Barack Obama,1,2009-01-20,2017-01-19,2026-03-31,2014-02-01,2014-02-28,6.7,62,7.8,85.8974358974359,-1.0999999999999996
UNRATE,Unemployment Rate,monthly,Percent,obama_2009,Obama (2009–2017),Barack Obama,1,2009-01-20,2017-01-19,2026-03-31,2014-03-01,2014-03-31,6.7,63,7.8,85.8974358974359,-1.0999999999999996
UNRATE,Unemployment Rate,monthly,Percent,obama_2009,Obama (2009–2017),Barack Obama,1,2009-01-20,2017-01-19,2026-03-31,2014-04-01,2014-04-30,6.2,64,7.8,79.48717948717949,-1.5999999999999996
UNRATE,Unemployment Rate,monthly,Percent,obama_2009,Obama (2009–2017),Barack Obama,1,2009-01-20,2017-01-19,2026-03-31,2014-05-01,2014-05-31,6.3,65,7.8,80.76923076923077,-1.5
UNRATE,Unemployment Rate,monthly,Percent,obama_2009,Obama (2009–2017),Barack Obama,1,2009-01-20,2017-01-19,2026-03-31,2014-06-01,2014-06-30,6.1,66,7.8,78.2051282051282,-1.7000000000000002
UNRATE,Unemployment Rate,monthly,Percent,obama_2009,Obama (2009–2017),Barack Obama,1,2009-01-20,2017-01-19,2026-03-31,2014-07-01,2014-07-31,6.2,67,7.8,79.48717948717949,-1.5999999999999996
UNRATE,Unemployment Rate,monthly,Percent,obama_2009,Obama (2009–2017),Barack Obama,1,2009-01-20,2017-01-19,2026-03-31,2014-08-01,2014-08-31,6.1,68,7.8,78.2051282051282,-1.7000000000000002
UNRATE,Unemployment Rate,monthly,Percent,obama_2009,Obama (2009–2017),Barack Obama,1,2009-01-20,2017-01-19,2026-03-31,2014-09-01,2014-09-30,5.9,69,7.8,75.64102564102565,-1.8999999999999995
UNRATE,Unemployment Rate,monthly,Percent,obama_2009,Obama (2009–2017),Barack Obama,1,2009-01-20,2017-01-19,2026-03-31,2014-10-01,2014-10-31,5.7,70,7.8,73.07692307692308,-2.0999999999999996
UNRATE,Unemployment Rate,monthly,Percent,obama_2009,Obama (2009–2017),Barack Obama,1,2009-01-20,2017-01-19,2026-03-31,2014-11-01,2014-11-30,5.8,71,7.8,74.35897435897436,-2.0
UNRATE,Unemployment Rate,monthly,Percent,obama_2009,Obama (2009–2017),Barack Obama,1,2009-01-20,2017-01-19,2026-03-31,2014-12-01,2014-12-31,5.6,72,7.8,71.7948717948718,-2.2
UNRATE,Unemployment Rate,monthly,Percent,obama_2009,Obama (2009–2017),Barack Obama,1,2009-01-20,2017-01-19,2026-03-31,2015-01-01,2015-01-31,5.7,73,7.8,73.07692307692308,-2.0999999999999996
UNRATE,Unemployment Rate,monthly,Percent,obama_2009,Obama (2009–2017),Barack Obama,1,2009-01-20,2017-01-19,2026-03-31,2015-02-01,2015-02-28,5.5,74,7.8,70.51282051282051,-2.3
UNRATE,Unemployment Rate,monthly,Percent,obama_2009,Obama (2009–2017),Barack Obama,1,2009-01-20,2017-01-19,2026-03-31,2015-03-01,2015-03-31,5.4,75,7.8,69.23076923076924,-2.3999999999999995
UNRATE,Unemployment Rate,monthly,Percent,obama_2009,Obama (2009–2017),Barack Obama,1,2009-01-20,2017-01-19,2026-03-31,2015-04-01,2015-04-30,5.4,76,7.8,69.23076923076924,-2.3999999999999995
UNRATE,Unemployment Rate,monthly,Percent,obama_2009,Obama (2009–2017),Barack Obama,1,2009-01-20,2017-01-19,2026-03-31,2015-05-01,2015-05-31,5.6,77,7.8,71.7948717948718,-2.2
UNRATE,Unemployment Rate,monthly,Percent,obama_2009,Obama (2009–2017),Barack Obama,1,2009-01-20,2017-01-19,2026-03-31,2015-06-01,2015-06-30,5.3,78,7.8,67.94871794871796,-2.5
UNRATE,Unemployment Rate,monthly,Percent,obama_2009,Obama (2009–2017),Barack Obama,1,2009-01-20,2017-01-19,2026-03-31,2015-07-01,2015-07-31,5.2,79,7.8,66.66666666666667,-2.5999999999999996
UNRATE,Unemployment Rate,monthly,Percent,obama_2009,Obama (2009–2017),Barack Obama,1,2009-01-20,2017-01-19,2026-03-31,2015-08-01,2015-08-31,5.1,80,7.8,65.38461538461539,-2.7
UNRATE,Unemployment Rate,monthly,Percent,obama_2009,Obama (2009–2017),Barack Obama,1,2009-01-20,2017-01-19,2026-03-31,2015-09-01,2015-09-30,5.0,81,7.8,64.1025641025641,-2.8
UNRATE,Unemployment Rate,monthly,Percent,obama_2009,Obama (2009–2017),Barack Obama,1,2009-01-20,2017-01-19,2026-03-31,2015-10-01,2015-10-31,5.0,82,7.8,64.1025641025641,-2.8
UNRATE,Unemployment Rate,monthly,Percent,obama_2009,Obama (2009–2017),Barack Obama,1,2009-01-20,2017-01-19,2026-03-31,2015-11-01,2015-11-30,5.1,83,7.8,65.38461538461539,-2.7
UNRATE,Unemployment Rate,monthly,Percent,obama_2009,Obama (2009–2017),Barack Obama,1,2009-01-20,2017-01-19,2026-03-31,2015-12-01,2015-12-31,5.0,84,7.8,64.1025641025641,-2.8
UNRATE,Unemployment Rate,monthly,Percent,obama_2009,Obama (2009–2017),Barack Obama,1,2009-01-20,2017-01-19,2026-03-31,2016-01-01,2016-01-31,4.8,85,7.8,61.53846153846154,-3.0
UNRATE,Unemployment Rate,monthly,Percent,obama_2009,Obama (2009–2017),Barack Obama,1,2009-01-20,2017-01-19,2026-03-31,2016-02-01,2016-02-29,4.9,86,7.8,62.82051282051283,-2.8999999999999995
UNRATE,Unemployment Rate,monthly,Percent,obama_2009,Obama (2009–2017),Barack Obama,1,2009-01-20,2017-01-19,2026-03-31,2016-03-01,2016-03-31,5.0,87,7.8,64.1025641025641,-2.8
UNRATE,Unemployment Rate,monthly,Percent,obama_2009,Obama (2009–2017),Barack Obama,1,2009-01-20,2017-01-19,2026-03-31,2016-04-01,2016-04-30,5.1,88,7.8,65.38461538461539,-2.7
UNRATE,Unemployment Rate,monthly,Percent,obama_2009,Obama (2009–2017),Barack Obama,1,2009-01-20,2017-01-19,2026-03-31,2016-05-01,2016-05-31,4.8,89,7.8,61.53846153846154,-3.0
UNRATE,Unemployment Rate,monthly,Percent,obama_2009,Obama (2009–2017),Barack Obama,1,2009-01-20,2017-01-19,2026-03-31,2016-06-01,2016-06-30,4.9,90,7.8,62.82051282051283,-2.8999999999999995
UNRATE,Unemployment Rate,monthly,Percent,obama_2009,Obama (2009–2017),Barack Obama,1,2009-01-20,2017-01-19,2026-03-31,2016-07-01,2016-07-31,4.8,91,7.8,61.53846153846154,-3.0
UNRATE,Unemployment Rate,monthly,Percent,obama_2009,Obama (2009–2017),Barack Obama,1,2009-01-20,2017-01-19,2026-03-31,2016-08-01,2016-08-31,4.9,92,7.8,62.82051282051283,-2.8999999999999995
UNRATE,Unemployment Rate,monthly,Percent,obama_2009,Obama (2009–2017),Barack Obama,1,2009-01-20,2017-01-19,2026-03-31,2016-09-01,2016-09-30,5.0,93,7.8,64.1025641025641,-2.8
UNRATE,Unemployment Rate,monthly,Percent,obama_2009,Obama (2009–2017),Barack Obama,1,2009-01-20,2017-01-19,2026-03-31,2016-10-01,2016-10-31,4.9,94,7.8,62.82051282051283,-2.8999999999999995
UNRATE,Unemployment Rate,monthly,Percent,obama_2009,Obama (2009–2017),Barack Obama,1,2009-01-20,2017-01-19,2026-03-31,2016-11-01,2016-11-30,4.7,95,7.8,60.25641025641026,-3.0999999999999996
UNRATE,Unemployment Rate,monthly,Percent,obama_2009,Obama (2009–2017),Barack Obama,1,2009-01-20,2017-01-19,2026-03-31,2016-12-01,2016-12-31,4.7,96,7.8,60.25641025641026,-3.0999999999999996
UNRATE,Unemployment Rate,monthly,Percent,trump_2017,Trump 1st Term (2017–2021),Donald Trump,1,2017-01-20,2021-01-19,2026-03-31,2017-01-01,2017-01-31,4.7,1,4.7,100.0,0.0
UNRATE,Unemployment Rate,monthly,Percent,trump_2017,Trump 1st Term (2017–2021),Donald Trump,1,2017-01-20,2021-01-19,2026-03-31,2017-02-01,2017-02-28,4.6,2,4.7,97.8723404255319,-0.10000000000000053
UNRATE,Unemployment Rate,monthly,Percent,trump_2017,Trump 1st Term (2017–2021),Donald Trump,1,2017-01-20,2021-01-19,2026-03-31,2017-03-01,2017-03-31,4.4,3,4.7,93.61702127659575,-0.2999999999999998
UNRATE,Unemployment Rate,monthly,Percent,trump_2017,Trump 1st Term (2017–2021),Donald Trump,1,2017-01-20,2021-01-19,2026-03-31,2017-04-01,2017-04-30,4.4,4,4.7,93.61702127659575,-0.2999999999999998
UNRATE,Unemployment Rate,monthly,Percent,trump_2017,Trump 1st Term (2017–2021),Donald Trump,1,2017-01-20,2021-01-19,2026-03-31,2017-05-01,2017-05-31,4.4,5,4.7,93.61702127659575,-0.2999999999999998
UNRATE,Unemployment Rate,monthly,Percent,trump_2017,Trump 1st Term (2017–2021),Donald Trump,1,2017-01-20,2021-01-19,2026-03-31,2017-06-01,2017-06-30,4.3,6,4.7,91.48936170212765,-0.40000000000000036
UNRATE,Unemployment Rate,monthly,Percent,trump_2017,Trump 1st Term (2017–2021),Donald Trump,1,2017-01-20,2021-01-19,2026-03-31,2017-07-01,2017-07-31,4.3,7,4.7,91.48936170212765,-0.40000000000000036
UNRATE,Unemployment Rate,monthly,Percent,trump_2017,Trump 1st Term (2017–2021),Donald Trump,1,2017-01-20,2021-01-19,2026-03-31,2017-08-01,2017-08-31,4.4,8,4.7,93.61702127659575,-0.2999999999999998
UNRATE,Unemployment Rate,monthly,Percent,trump_2017,Trump 1st Term (2017–2021),Donald Trump,1,2017-01-20,2021-01-19,2026-03-31,2017-09-01,2017-09-30,4.3,9,4.7,91.48936170212765,-0.40000000000000036
UNRATE,Unemployment Rate,monthly,Percent,trump_2017,Trump 1st Term (2017–2021),Donald Trump,1,2017-01-20,2021-01-19,2026-03-31,2017-10-01,2017-10-31,4.2,10,4.7,89.36170212765957,-0.5
UNRATE,Unemployment Rate,monthly,Percent,trump_2017,Trump 1st Term (2017–2021),Donald Trump,1,2017-01-20,2021-01-19,2026-03-31,2017-11-01,2017-11-30,4.2,11,4.7,89.36170212765957,-0.5
UNRATE,Unemployment Rate,monthly,Percent,trump_2017,Trump 1st Term (2017–2021),Donald Trump,1,2017-01-20,2021-01-19,2026-03-31,2017-12-01,2017-12-31,4.1,12,4.7,87.23404255319149,-0.6000000000000005
UNRATE,Unemployment Rate,monthly,Percent,trump_2017,Trump 1st Term (2017–2021),Donald Trump,1,2017-01-20,2021-01-19,2026-03-31,2018-01-01,2018-01-31,4.0,13,4.7,85.1063829787234,-0.7000000000000002
UNRATE,Unemployment Rate,monthly,Percent,trump_2017,Trump 1st Term (2017–2021),Donald Trump,1,2017-01-20,2021-01-19,2026-03-31,2018-02-01,2018-02-28,4.1,14,4.7,87.23404255319149,-0.6000000000000005
UNRATE,Unemployment Rate,monthly,Percent,trump_2017,Trump 1st Term (2017–2021),Donald Trump,1,2017-01-20,2021-01-19,2026-03-31,2018-03-01,2018-03-31,4.0,15,4.7,85.1063829787234,-0.7000000000000002
UNRATE,Unemployment Rate,monthly,Percent,trump_2017,Trump 1st Term (2017–2021),Donald Trump,1,2017-01-20,2021-01-19,2026-03-31,2018-04-01,2018-04-30,4.0,16,4.7,85.1063829787234,-0.7000000000000002
UNRATE,Unemployment Rate,monthly,Percent,trump_2017,Trump 1st Term (2017–2021),Donald Trump,1,2017-01-20,2021-01-19,2026-03-31,2018-05-01,2018-05-31,3.8,17,4.7,80.85106382978722,-0.9000000000000004
UNRATE,Unemployment Rate,monthly,Percent,trump_2017,Trump 1st Term (2017–2021),Donald Trump,1,2017-01-20,2021-01-19,2026-03-31,2018-06-01,2018-06-30,4.0,18,4.7,85.1063829787234,-0.7000000000000002
UNRATE,Unemployment Rate,monthly,Percent,trump_2017,Trump 1st Term (2017–2021),Donald Trump,1,2017-01-20,2021-01-19,2026-03-31,2018-07-01,2018-07-31,3.8,19,4.7,80.85106382978722,-0.9000000000000004
UNRATE,Unemployment Rate,monthly,Percent,trump_2017,Trump 1st Term (2017–2021),Donald Trump,1,2017-01-20,2021-01-19,2026-03-31,2018-08-01,2018-08-31,3.8,20,4.7,80.85106382978722,-0.9000000000000004
UNRATE,Unemployment Rate,monthly,Percent,trump_2017,Trump 1st Term (2017–2021),Donald Trump,1,2017-01-20,2021-01-19,2026-03-31,2018-09-01,2018-09-30,3.7,21,4.7,78.72340425531915,-1.0
UNRATE,Unemployment Rate,monthly,Percent,trump_2017,Trump 1st Term (2017–2021),Donald Trump,1,2017-01-20,2021-01-19,2026-03-31,2018-10-01,2018-10-31,3.8,22,4.7,80.85106382978722,-0.9000000000000004
UNRATE,Unemployment Rate,monthly,Percent,trump_2017,Trump 1st Term (2017–2021),Donald Trump,1,2017-01-20,2021-01-19,2026-03-31,2018-11-01,2018-11-30,3.8,23,4.7,80.85106382978722,-0.9000000000000004
UNRATE,Unemployment Rate,monthly,Percent,trump_2017,Trump 1st Term (2017–2021),Donald Trump,1,2017-01-20,2021-01-19,2026-03-31,2018-12-01,2018-12-31,3.9,24,4.7,82.97872340425532,-0.8000000000000003
UNRATE,Unemployment Rate,monthly,Percent,trump_2017,Trump 1st Term (2017–2021),Donald Trump,1,2017-01-20,2021-01-19,2026-03-31,2019-01-01,2019-01-31,4.0,25,4.7,85.1063829787234,-0.7000000000000002
UNRATE,Unemployment Rate,monthly,Percent,trump_2017,Trump 1st Term (2017–2021),Donald Trump,1,2017-01-20,2021-01-19,2026-03-31,2019-02-01,2019-02-28,3.8,26,4.7,80.85106382978722,-0.9000000000000004
UNRATE,Unemployment Rate,monthly,Percent,trump_2017,Trump 1st Term (2017–2021),Donald Trump,1,2017-01-20,2021-01-19,2026-03-31,2019-03-01,2019-03-31,3.8,27,4.7,80.85106382978722,-0.9000000000000004
UNRATE,Unemployment Rate,monthly,Percent,trump_2017,Trump 1st Term (2017–2021),Donald Trump,1,2017-01-20,2021-01-19,2026-03-31,2019-04-01,2019-04-30,3.7,28,4.7,78.72340425531915,-1.0
UNRATE,Unemployment Rate,monthly,Percent,trump_2017,Trump 1st Term (2017–2021),Donald Trump,1,2017-01-20,2021-01-19,2026-03-31,2019-05-01,2019-05-31,3.6,29,4.7,76.59574468085107,-1.1
UNRATE,Unemployment Rate,monthly,Percent,trump_2017,Trump 1st Term (2017–2021),Donald Trump,1,2017-01-20,2021-01-19,2026-03-31,2019-06-01,2019-06-30,3.6,30,4.7,76.59574468085107,-1.1
UNRATE,Unemployment Rate,monthly,Percent,trump_2017,Trump 1st Term (2017–2021),Donald Trump,1,2017-01-20,2021-01-19,2026-03-31,2019-07-01,2019-07-31,3.7,31,4.7,78.72340425531915,-1.0
UNRATE,Unemployment Rate,monthly,Percent,trump_2017,Trump 1st Term (2017–2021),Donald Trump,1,2017-01-20,2021-01-19,2026-03-31,2019-08-01,2019-08-31,3.6,32,4.7,76.59574468085107,-1.1
UNRATE,Unemployment Rate,monthly,Percent,trump_2017,Trump 1st Term (2017–2021),Donald Trump,1,2017-01-20,2021-01-19,2026-03-31,2019-09-01,2019-09-30,3.5,33,4.7,74.46808510638297,-1.2000000000000002
UNRATE,Unemployment Rate,monthly,Percent,trump_2017,Trump 1st Term (2017–2021),Donald Trump,1,2017-01-20,2021-01-19,2026-03-31,2019-10-01,2019-10-31,3.6,34,4.7,76.59574468085107,-1.1
UNRATE,Unemployment Rate,monthly,Percent,trump_2017,Trump 1st Term (2017–2021),Donald Trump,1,2017-01-20,2021-01-19,2026-03-31,2019-11-01,2019-11-30,3.6,35,4.7,76.59574468085107,-1.1
UNRATE,Unemployment Rate,monthly,Percent,trump_2017,Trump 1st Term (2017–2021),Donald Trump,1,2017-01-20,2021-01-19,2026-03-31,2019-12-01,2019-12-31,3.6,36,4.7,76.59574468085107,-1.1
UNRATE,Unemployment Rate,monthly,Percent,trump_2017,Trump 1st Term (2017–2021),Donald Trump,1,2017-01-20,2021-01-19,2026-03-31,2020-01-01,2020-01-31,3.6,37,4.7,76.59574468085107,-1.1
UNRATE,Unemployment Rate,monthly,Percent,trump_2017,Trump 1st Term (2017–2021),Donald Trump,1,2017-01-20,2021-01-19,2026-03-31,2020-02-01,2020-02-29,3.5,38,4.7,74.46808510638297,-1.2000000000000002
UNRATE,Unemployment Rate,monthly,Percent,trump_2017,Trump 1st Term (2017–2021),Donald Trump,1,2017-01-20,2021-01-19,2026-03-31,2020-03-01,2020-03-31,4.4,39,4.7,93.61702127659575,-0.2999999999999998
UNRATE,Unemployment Rate,monthly,Percent,trump_2017,Trump 1st Term (2017–2021),Donald Trump,1,2017-01-20,2021-01-19,2026-03-31,2020-04-01,2020-04-30,14.8,40,4.7,314.8936170212766,10.100000000000001
UNRATE,Unemployment Rate,monthly,Percent,trump_2017,Trump 1st Term (2017–2021),Donald Trump,1,2017-01-20,2021-01-19,2026-03-31,2020-05-01,2020-05-31,13.2,41,4.7,280.8510638297872,8.5
UNRATE,Unemployment Rate,monthly,Percent,trump_2017,Trump 1st Term (2017–2021),Donald Trump,1,2017-01-20,2021-01-19,2026-03-31,2020-06-01,2020-06-30,11.0,42,4.7,234.04255319148936,6.3
UNRATE,Unemployment Rate,monthly,Percent,trump_2017,Trump 1st Term (2017–2021),Donald Trump,1,2017-01-20,2021-01-19,2026-03-31,2020-07-01,2020-07-31,10.2,43,4.7,217.02127659574467,5.499999999999999
UNRATE,Unemployment Rate,monthly,Percent,trump_2017,Trump 1st Term (2017–2021),Donald Trump,1,2017-01-20,2021-01-19,2026-03-31,2020-08-01,2020-08-31,8.4,44,4.7,178.72340425531914,3.7
UNRATE,Unemployment Rate,monthly,Percent,trump_2017,Trump 1st Term (2017–2021),Donald Trump,1,2017-01-20,2021-01-19,2026-03-31,2020-09-01,2020-09-30,7.8,45,4.7,165.95744680851064,3.0999999999999996
UNRATE,Unemployment Rate,monthly,Percent,trump_2017,Trump 1st Term (2017–2021),Donald Trump,1,2017-01-20,2021-01-19,2026-03-31,2020-10-01,2020-10-31,6.9,46,4.7,146.80851063829786,2.2
UNRATE,Unemployment Rate,monthly,Percent,trump_2017,Trump 1st Term (2017–2021),Donald Trump,1,2017-01-20,2021-01-19,2026-03-31,2020-11-01,2020-11-30,6.7,47,4.7,142.5531914893617,2.0
UNRATE,Unemployment Rate,monthly,Percent,trump_2017,Trump 1st Term (2017–2021),Donald Trump,1,2017-01-20,2021-01-19,2026-03-31,2020-12-01,2020-12-31,6.7,48,4.7,142.5531914893617,2.0
UNRATE,Unemployment Rate,monthly,Percent,biden_2021,Biden (2021–2025),Joe Biden,1,2021-01-20,2025-01-19,2026-03-31,2021-01-01,2021-01-31,6.4,1,6.4,100.0,0.0
UNRATE,Unemployment Rate,monthly,Percent,biden_2021,Biden (2021–2025),Joe Biden,1,2021-01-20,2025-01-19,2026-03-31,2021-02-01,2021-02-28,6.2,2,6.4,96.875,-0.20000000000000018
UNRATE,Unemployment Rate,monthly,Percent,biden_2021,Biden (2021–2025),Joe Biden,1,2021-01-20,2025-01-19,2026-03-31,2021-03-01,2021-03-31,6.1,3,6.4,95.31249999999999,-0.3000000000000007
UNRATE,Unemployment Rate,monthly,Percent,biden_2021,Biden (2021–2025),Joe Biden,1,2021-01-20,2025-01-19,2026-03-31,2021-04-01,2021-04-30,6.1,4,6.4,95.31249999999999,-0.3000000000000007
UNRATE,Unemployment Rate,monthly,Percent,biden_2021,Biden (2021–2025),Joe Biden,1,2021-01-20,2025-01-19,2026-03-31,2021-05-01,2021-05-31,5.8,5,6.4,90.62499999999999,-0.6000000000000005
UNRATE,Unemployment Rate,monthly,Percent,biden_2021,Biden (2021–2025),Joe Biden,1,2021-01-20,2025-01-19,2026-03-31,2021-06-01,2021-06-30,5.9,6,6.4,92.1875,-0.5
UNRATE,Unemployment Rate,monthly,Percent,biden_2021,Biden (2021–2025),Joe Biden,1,2021-01-20,2025-01-19,2026-03-31,2021-07-01,2021-07-31,5.4,7,6.4,84.375,-1.0
UNRATE,Unemployment Rate,monthly,Percent,biden_2021,Biden (2021–2025),Joe Biden,1,2021-01-20,2025-01-19,2026-03-31,2021-08-01,2021-08-31,5.1,8,6.4,79.68749999999999,-1.3000000000000007
UNRATE,Unemployment Rate,monthly,Percent,biden_2021,Biden (2021–2025),Joe Biden,1,2021-01-20,2025-01-19,2026-03-31,2021-09-01,2021-09-30,4.7,9,6.4,73.4375,-1.7000000000000002
UNRATE,Unemployment Rate,monthly,Percent,biden_2021,Biden (2021–2025),Joe Biden,1,2021-01-20,2025-01-19,2026-03-31,2021-10-01,2021-10-31,4.5,10,6.4,70.3125,-1.9000000000000004
UNRATE,Unemployment Rate,monthly,Percent,biden_2021,Biden (2021–2025),Joe Biden,1,2021-01-20,2025-01-19,2026-03-31,2021-11-01,2021-11-30,4.1,11,6.4,64.06249999999999,-2.3000000000000007
UNRATE,Unemployment Rate,monthly,Percent,biden_2021,Biden (2021–2025),Joe Biden,1,2021-01-20,2025-01-19,2026-03-31,2021-12-01,2021-12-31,3.9,12,6.4,60.9375,-2.5000000000000004
UNRATE,Unemployment Rate,monthly,Percent,biden_2021,Biden (2021–2025),Joe Biden,1,2021-01-20,2025-01-19,2026-03-31,2022-01-01,2022-01-31,4.0,13,6.4,62.5,-2.4000000000000004
UNRATE,Unemployment Rate,monthly,Percent,biden_2021,Biden (2021–2025),Joe Biden,1,2021-01-20,2025-01-19,2026-03-31,2022-02-01,2022-02-28,3.9,14,6.4,60.9375,-2.5000000000000004
UNRATE,Unemployment Rate,monthly,Percent,biden_2021,Biden (2021–2025),Joe Biden,1,2021-01-20,2025-01-19,2026-03-31,2022-03-01,2022-03-31,3.7,15,6.4,57.8125,-2.7
UNRATE,Unemployment Rate,monthly,Percent,biden_2021,Biden (2021–2025),Joe Biden,1,2021-01-20,2025-01-19,2026-03-31,2022-04-01,2022-04-30,3.7,16,6.4,57.8125,-2.7
UNRATE,Unemployment Rate,monthly,Percent,biden_2021,Biden (2021–2025),Joe Biden,1,2021-01-20,2025-01-19,2026-03-31,2022-05-01,2022-05-31,3.6,17,6.4,56.25,-2.8000000000000003
UNRATE,Unemployment Rate,monthly,Percent,biden_2021,Biden (2021–2025),Joe Biden,1,2021-01-20,2025-01-19,2026-03-31,2022-06-01,2022-06-30,3.6,18,6.4,56.25,-2.8000000000000003
UNRATE,Unemployment Rate,monthly,Percent,biden_2021,Biden (2021–2025),Joe Biden,1,2021-01-20,2025-01-19,2026-03-31,2022-07-01,2022-07-31,3.5,19,6.4,54.6875,-2.9000000000000004
UNRATE,Unemployment Rate,monthly,Percent,biden_2021,Biden (2021–2025),Joe Biden,1,2021-01-20,2025-01-19,2026-03-31,2022-08-01,2022-08-31,3.6,20,6.4,56.25,-2.8000000000000003
UNRATE,Unemployment Rate,monthly,Percent,biden_2021,Biden (2021–2025),Joe Biden,1,2021-01-20,2025-01-19,2026-03-31,2022-09-01,2022-09-30,3.5,21,6.4,54.6875,-2.9000000000000004
UNRATE,Unemployment Rate,monthly,Percent,biden_2021,Biden (2021–2025),Joe Biden,1,2021-01-20,2025-01-19,2026-03-31,2022-10-01,2022-10-31,3.6,22,6.4,56.25,-2.8000000000000003
UNRATE,Unemployment Rate,monthly,Percent,biden_2021,Biden (2021–2025),Joe Biden,1,2021-01-20,2025-01-19,2026-03-31,2022-11-01,2022-11-30,3.6,23,6.4,56.25,-2.8000000000000003
UNRATE,Unemployment Rate,monthly,Percent,biden_2021,Biden (2021–2025),Joe Biden,1,2021-01-20,2025-01-19,2026-03-31,2022-12-01,2022-12-31,3.5,24,6.4,54.6875,-2.9000000000000004
UNRATE,Unemployment Rate,monthly,Percent,biden_2021,Biden (2021–2025),Joe Biden,1,2021-01-20,2025-01-19,2026-03-31,2023-01-01,2023-01-31,3.5,25,6.4,54.6875,-2.9000000000000004
UNRATE,Unemployment Rate,monthly,Percent,biden_2021,Biden (2021–2025),Joe Biden,1,2021-01-20,2025-01-19,2026-03-31,2023-02-01,2023-02-28,3.6,26,6.4,56.25,-2.8000000000000003
UNRATE,Unemployment Rate,monthly,Percent,biden_2021,Biden (2021–2025),Joe Biden,1,2021-01-20,2025-01-19,2026-03-31,2023-03-01,2023-03-31,3.5,27,6.4,54.6875,-2.9000000000000004
UNRATE,Unemployment Rate,monthly,Percent,biden_2021,Biden (2021–2025),Joe Biden,1,2021-01-20,2025-01-19,2026-03-31,2023-04-01,2023-04-30,3.4,28,6.4,53.125,-3.0000000000000004
UNRATE,Unemployment Rate,monthly,Percent,biden_2021,Biden (2021–2025),Joe Biden,1,2021-01-20,2025-01-19,2026-03-31,2023-05-01,2023-05-31,3.6,29,6.4,56.25,-2.8000000000000003
UNRATE,Unemployment Rate,monthly,Percent,biden_2021,Biden (2021–2025),Joe Biden,1,2021-01-20,2025-01-19,2026-03-31,2023-06-01,2023-06-30,3.6,30,6.4,56.25,-2.8000000000000003
UNRATE,Unemployment Rate,monthly,Percent,biden_2021,Biden (2021–2025),Joe Biden,1,2021-01-20,2025-01-19,2026-03-31,2023-07-01,2023-07-31,3.5,31,6.4,54.6875,-2.9000000000000004
UNRATE,Unemployment Rate,monthly,Percent,biden_2021,Biden (2021–2025),Joe Biden,1,2021-01-20,2025-01-19,2026-03-31,2023-08-01,2023-08-31,3.7,32,6.4,57.8125,-2.7
UNRATE,Unemployment Rate,monthly,Percent,biden_2021,Biden (2021–2025),Joe Biden,1,2021-01-20,2025-01-19,2026-03-31,2023-09-01,2023-09-30,3.7,33,6.4,57.8125,-2.7
UNRATE,Unemployment Rate,monthly,Percent,biden_2021,Biden (2021–2025),Joe Biden,1,2021-01-20,2025-01-19,2026-03-31,2023-10-01,2023-10-31,3.9,34,6.4,60.9375,-2.5000000000000004
UNRATE,Unemployment Rate,monthly,Percent,biden_2021,Biden (2021–2025),Joe Biden,1,2021-01-20,2025-01-19,2026-03-31,2023-11-01,2023-11-30,3.7,35,6.4,57.8125,-2.7
UNRATE,Unemployment Rate,monthly,Percent,biden_2021,Biden (2021–2025),Joe Biden,1,2021-01-20,2025-01-19,2026-03-31,2023-12-01,2023-12-31,3.8,36,6.4,59.374999999999986,-2.6000000000000005
UNRATE,Unemployment Rate,monthly,Percent,biden_2021,Biden (2021–2025),Joe Biden,1,2021-01-20,2025-01-19,2026-03-31,2024-01-01,2024-01-31,3.7,37,6.4,57.8125,-2.7
UNRATE,Unemployment Rate,monthly,Percent,biden_2021,Biden (2021–2025),Joe Biden,1,2021-01-20,2025-01-19,2026-03-31,2024-02-01,2024-02-29,3.9,38,6.4,60.9375,-2.5000000000000004
UNRATE,Unemployment Rate,monthly,Percent,biden_2021,Biden (2021–2025),Joe Biden,1,2021-01-20,2025-01-19,2026-03-31,2024-03-01,2024-03-31,3.9,39,6.4,60.9375,-2.5000000000000004
UNRATE,Unemployment Rate,monthly,Percent,biden_2021,Biden (2021–2025),Joe Biden,1,2021-01-20,2025-01-19,2026-03-31,2024-04-01,2024-04-30,3.9,40,6.4,60.9375,-2.5000000000000004
UNRATE,Unemployment Rate,monthly,Percent,biden_2021,Biden (2021–2025),Joe Biden,1,2021-01-20,2025-01-19,2026-03-31,2024-05-01,2024-05-31,3.9,41,6.4,60.9375,-2.5000000000000004
UNRATE,Unemployment Rate,monthly,Percent,biden_2021,Biden (2021–2025),Joe Biden,1,2021-01-20,2025-01-19,2026-03-31,2024-06-01,2024-06-30,4.1,42,6.4,64.06249999999999,-2.3000000000000007
UNRATE,Unemployment Rate,monthly,Percent,biden_2021,Biden (2021–2025),Joe Biden,1,2021-01-20,2025-01-19,2026-03-31,2024-07-01,2024-07-31,4.2,43,6.4,65.625,-2.2
UNRATE,Unemployment Rate,monthly,Percent,biden_2021,Biden (2021–2025),Joe Biden,1,2021-01-20,2025-01-19,2026-03-31,2024-08-01,2024-08-31,4.2,44,6.4,65.625,-2.2
UNRATE,Unemployment Rate,monthly,Percent,biden_2021,Biden (2021–2025),Joe Biden,1,2021-01-20,2025-01-19,2026-03-31,2024-09-01,2024-09-30,4.1,45,6.4,64.06249999999999,-2.3000000000000007
UNRATE,Unemployment Rate,monthly,Percent,biden_2021,Biden (2021–2025),Joe Biden,1,2021-01-20,2025-01-19,2026-03-31,2024-10-01,2024-10-31,4.1,46,6.4,64.06249999999999,-2.3000000000000007
UNRATE,Unemployment Rate,monthly,Percent,biden_2021,Biden (2021–2025),Joe Biden,1,2021-01-20,2025-01-19,2026-03-31,2024-11-01,2024-11-30,4.2,47,6.4,65.625,-2.2
UNRATE,Unemployment Rate,monthly,Percent,biden_2021,Biden (2021–2025),Joe Biden,1,2021-01-20,2025-01-19,2026-03-31,2024-12-01,2024-12-31,4.1,48,6.4,64.06249999999999,-2.3000000000000007
UNRATE,Unemployment Rate,monthly,Percent,trump_2025,Trump 2nd Term (2025–Present),Donald Trump,2,2025-01-20,2026-04-15,2026-03-31,2025-01-01,2025-01-31,4.0,1,4.0,100.0,0.0
UNRATE,Unemployment Rate,monthly,Percent,trump_2025,Trump 2nd Term (2025–Present),Donald Trump,2,2025-01-20,2026-04-15,2026-03-31,2025-02-01,2025-02-28,4.2,2,4.0,105.0,0.20000000000000018
UNRATE,Unemployment Rate,monthly,Percent,trump_2025,Trump 2nd Term (2025–Present),Donald Trump,2,2025-01-20,2026-04-15,2026-03-31,2025-03-01,2025-03-31,4.2,3,4.0,105.0,0.20000000000000018
UNRATE,Unemployment Rate,monthly,Percent,trump_2025,Trump 2nd Term (2025–Present),Donald Trump,2,2025-01-20,2026-04-15,2026-03-31,2025-04-01,2025-04-30,4.2,4,4.0,105.0,0.20000000000000018
UNRATE,Unemployment Rate,monthly,Percent,trump_2025,Trump 2nd Term (2025–Present),Donald Trump,2,2025-01-20,2026-04-15,2026-03-31,2025-05-01,2025-05-31,4.3,5,4.0,107.5,0.2999999999999998
UNRATE,Unemployment Rate,monthly,Percent,trump_2025,Trump 2nd Term (2025–Present),Donald Trump,2,2025-01-20,2026-04-15,2026-03-31,2025-06-01,2025-06-30,4.1,6,4.0,102.49999999999999,0.09999999999999964
UNRATE,Unemployment Rate,monthly,Percent,trump_2025,Trump 2nd Term (2025–Present),Donald Trump,2,2025-01-20,2026-04-15,2026-03-31,2025-07-01,2025-07-31,4.3,7,4.0,107.5,0.2999999999999998
UNRATE,Unemployment Rate,monthly,Percent,trump_2025,Trump 2nd Term (2025–Present),Donald Trump,2,2025-01-20,2026-04-15,2026-03-31,2025-08-01,2025-08-31,4.3,8,4.0,107.5,0.2999999999999998
UNRATE,Unemployment Rate,monthly,Percent,trump_2025,Trump 2nd Term (2025–Present),Donald Trump,2,2025-01-20,2026-04-15,2026-03-31,2025-09-01,2025-09-30,4.4,9,4.0,110.00000000000001,0.40000000000000036
UNRATE,Unemployment Rate,monthly,Percent,trump_2025,Trump 2nd Term (2025–Present),Donald Trump,2,2025-01-20,2026-04-15,2026-03-31,2025-11-01,2025-11-30,4.5,10,4.0,112.5,0.5
UNRATE,Unemployment Rate,monthly,Percent,trump_2025,Trump 2nd Term (2025–Present),Donald Trump,2,2025-01-20,2026-04-15,2026-03-31,2025-12-01,2025-12-31,4.4,11,4.0,110.00000000000001,0.40000000000000036
UNRATE,Unemployment Rate,monthly,Percent,trump_2025,Trump 2nd Term (2025–Present),Donald Trump,2,2025-01-20,2026-04-15,2026-03-31,2026-01-01,2026-01-31,4.3,12,4.0,107.5,0.2999999999999998
UNRATE,Unemployment Rate,monthly,Percent,trump_2025,Trump 2nd Term (2025–Present),Donald Trump,2,2025-01-20,2026-04-15,2026-03-31,2026-02-01,2026-02-28,4.4,13,4.0,110.00000000000001,0.40000000000000036
UNRATE,Unemployment Rate,monthly,Percent,trump_2025,Trump 2nd Term (2025–Present),Donald Trump,2,2025-01-20,2026-04-15,2026-03-31,2026-03-01,2026-03-31,4.3,14,4.0,107.5,0.2999999999999998
